essay_id,score,raw_pred
000fe60,3,2.9205942
0033bf4,3,2.9831843
00613e3,3,3.2558484
0065bd6,3,2.997788
006c931,3,3.033836
007db64,2,1.7844826
00a541a,2,2.5451255
00c3589,4,3.4606218
00d4911,4,3.4796517
00dd003,2,3.0120914
00e3edb,1,1.6525829
00ef89f,1,2.028297
0163804,4,3.943216
019b862,2,1.9600829
019e2c4,3,3.7271733
01a39ed,4,3.9353216
01bb07c,4,3.3222928
01ec06b,3,2.9775891
022d72e,3,3.1617463
0237cbd,2,2.7829297
023ab53,4,3.4973936
0262618,2,1.5382342
0279487,1,1.6264534
027a1f9,2,2.0927243
02a1298,2,2.7845042
02c0440,3,2.7424386
02cd88d,1,1.2967637
02d1c60,2,2.4059029
02d481d,6,4.6008406
02d8dd2,4,3.994773
02dabc0,2,2.6946487
02ecf18,2,1.468673
0307ec7,2,2.8595662
03194a0,4,3.559378
032153a,3,3.048095
032a3bf,2,4.010498
032db9e,4,4.039345
0338170,1,1.8055105
033a27e,2,1.8621368
033aa4b,2,1.9243159
03448b6,3,2.718
0345980,4,3.875969
035a4d2,1,1.0318208
036e19b,2,3.1507435
036f820,3,3.1317437
0376bcb,3,2.6309593
037ac1f,3,3.2609742
039e817,2,2.234067
03f8d0e,3,2.8664281
040ba87,4,3.7195837
040bb8a,4,3.9499779
041804e,4,3.9615898
0429d4a,2,2.49571
0435f85,3,2.7968595
04575a9,4,3.979527
0459116,5,4.3645577
045fec2,3,3.765544
0467e2a,4,3.8618112
047bb6e,1,1.5433183
047f2c6,3,3.180187
0493c5f,1,1.2345747
0499982,3,3.252732
04a4c98,3,2.8584738
04a99cb,3,3.6950235
04af97d,4,3.9244673
04d2b73,4,3.8138685
04db8d6,3,2.164597
04defeb,2,2.2967334
04ef8ff,3,3.3034973
04f8928,2,2.099245
0509d92,4,2.859559
05182bf,4,3.4358847
054e4c8,3,2.5965526
0571af0,4,3.9124331
0595f5d,1,1.2362969
05b0858,4,3.5912805
05b37db,2,2.0099049
05c4acd,2,2.1465597
05cafcf,4,3.3864646
05e6736,3,2.914352
05efbec,4,3.9083781
05fa0f0,1,1.4266883
0608495,3,3.9045267
0616815,2,2.015475
061ba37,2,2.8484583
0668f09,5,4.372385
06730ad,3,2.385016
06939ab,3,2.9726434
069945c,3,3.0313087
06c7ba1,3,3.408862
06cb1df,2,2.2678385
06d752e,2,3.0919847
06ed983,3,2.883938
071de41,4,3.9282703
0728321,4,3.113081
072c8a3,3,3.9259942
0742654,2,2.9585834
0746d1a,2,2.8119469
07492fd,3,2.8182156
074b43d,3,3.3657813
0760842,3,4.003112
0764c35,3,2.1951437
0767c85,3,3.723239
0775ccb,3,2.968367
077acd9,3,3.6106057
078120d,4,3.2654462
0785120,4,3.5424254
0786ec3,3,2.8582954
0792205,1,1.1182102
07952db,3,3.3560464
07a82b9,4,4.4165564
07b6457,2,1.79827
07c48b4,4,3.7175908
07ca280,4,4.0232086
07cd836,4,3.7440488
07d1a3b,2,3.1388292
07dd0fd,1,1.3286381
07f838d,2,2.0448387
08139fb,2,2.030178
081db56,3,3.10432
08207e4,3,3.324653
084e848,2,2.0264733
0854673,2,2.9606373
08629e7,3,3.137411
0863447,2,2.2796063
08669b6,2,3.1295252
088fd5c,4,4.146692
08a5c68,4,3.6371522
08ab023,2,1.7500801
08b1777,3,3.0070343
08b8798,3,3.2606733
08def35,2,1.3166323
08f5a36,5,5.1346874
08fb0fb,2,3.5004454
0913268,1,1.0183437
091a770,3,2.600819
091e483,3,3.0907168
092ff4e,3,3.7514272
09344c3,3,3.3576872
0946813,4,3.7286098
0947cdc,4,3.4571292
09487c8,3,3.2094681
095042a,2,1.8643913
097b864,3,3.4076777
09915db,3,2.4885907
09af24e,2,2.7839894
09bd6f6,4,3.7245586
09c8185,2,1.8722528
09ce958,2,2.8132496
09d065f,3,2.7032096
09d976b,2,3.0828187
09da56a,4,4.011261
09df111,2,2.006956
09e4fce,3,3.6687782
09f2c09,2,2.194481
09f7d1f,2,2.2427464
0a07f07,3,2.4817743
0a0d3b4,4,3.3341236
0a0f8b3,2,2.6852803
0a238c3,4,3.8754132
0a28113,3,3.0350373
0a6ac75,1,2.224958
0a7ef89,3,3.058958
0a8590a,2,1.6140008
0a919e7,2,3.0519462
0a93900,1,1.4203815
0a9488d,6,5.303728
0a99d52,3,2.6457129
0a9df6a,4,3.913988
0acfeeb,4,4.141562
0ad4908,3,2.8860645
0aec0b5,3,3.181231
0b059bd,1,2.2115908
0b095ea,3,1.803507
0b0f882,3,1.8296881
0b28ade,3,3.0078583
0b2bfc4,4,3.0948694
0b64865,1,1.7699499
0b6df5c,3,3.9121377
0b72cc9,3,3.1770594
0b76940,2,2.3879943
0b869b2,4,3.6510887
0b9d88d,5,3.952536
0ba0895,2,1.0445873
0bb0bc1,4,4.128537
0bb5c8c,3,3.1433275
0bcac40,3,2.8073452
0bea5df,2,3.0126312
0bee92d,2,2.4590707
0bf39e6,3,3.756827
0c0eeb7,3,3.2244961
0c13438,2,1.937918
0c2f27d,4,3.951321
0c34cc0,3,3.809163
0c385a8,4,3.565847
0c488ee,2,2.8109894
0c5e863,2,2.44144
0c6c628,2,1.9370573
0c6cb29,2,2.4429812
0c76a09,2,1.9297141
0c82120,2,2.0013533
0c85030,1,1.3369689
0c88bb6,4,3.996997
0cb8a22,3,2.3572268
0cd80da,3,2.938793
0cffbfb,2,1.3568444
0d0b940,4,4.0342083
0d18ff3,5,4.3580446
0d190c0,4,4.0472302
0d2070c,6,4.107562
0d2ca3c,1,3.1396942
0d3ae64,2,1.8707163
0d5876f,3,3.7455952
0d64085,2,2.5045183
0d66b05,3,3.4976501
0d70f3a,3,2.366088
0d80f66,2,2.7113056
0d92fb8,4,3.39099
0da206f,2,3.5678873
0dcce8c,3,3.6692412
0dd6015,5,4.6332264
0de82fe,3,3.7727304
0deace1,2,2.9803514
0dff325,4,3.7690072
0e222f1,3,3.7499774
0e3c6eb,3,2.2313416
0e4855c,2,3.1325738
0e495a2,2,2.953774
0e54efc,2,1.9688723
0e680b3,4,3.9054103
0e85504,1,1.0310358
0e9b816,4,3.785195
0eaa4e4,4,3.6565151
0eaa56c,3,3.7104259
0eb2865,5,4.080092
0eb8d11,4,4.293352
0ee7d80,3,3.874495
0ef82ad,2,1.3715979
0ef994a,2,2.7468781
0f0fc7a,3,3.8263915
0f20721,4,3.7965796
0f22798,3,3.843194
0f2455f,2,1.9655712
0f247b7,4,3.8860986
0f2a7d9,2,2.2252007
0f384b3,2,1.7355647
0f4a9a2,4,4.0038633
0f4fadf,3,2.6168337
0f7535d,4,3.964548
0f7e96b,4,3.498749
0f89327,3,3.905378
0f8d16d,4,3.229004
0f967f0,1,1.1436363
0fab210,1,1.7785897
0fb1945,3,3.4376817
0fbd5ba,5,4.1912065
0fc7b60,2,2.1412752
0fddb97,3,2.9729273
100decf,3,2.880382
1013fcd,6,5.3485937
10228eb,3,2.7797883
1032c21,5,4.3197365
1039122,1,1.4548397
10402f2,3,3.8232007
10416ad,5,4.1010985
104ebd4,4,3.3482969
10698ad,3,3.4270263
1085eef,4,4.143733
1099610,2,1.9135122
10be9c6,2,2.604463
10d1d31,2,2.2995887
10e68a9,2,1.0776399
10f7298,3,2.3642511
10f74e8,1,1.1323034
10ff341,2,1.2802958
112723e,5,4.625594
114187f,2,2.5156384
11428cc,5,4.294592
11547d4,1,1.3346043
1157fa5,3,3.2537808
1162314,4,4.2660246
117a386,3,3.2175372
11815c1,4,3.342424
118d5fb,2,2.1946177
1193d27,3,3.8994455
11b679d,3,2.9909453
11bcb8c,3,3.6080644
11c1664,4,3.663488
11c2627,4,3.0472949
11cf6b8,3,3.370611
11e9122,3,3.5677774
11f0688,2,1.822721
11ffe5f,1,2.1477997
1210874,3,2.204392
1216143,3,3.3692198
122ba79,3,2.8391771
122fa32,2,2.2207258
12489e3,4,3.3975446
128467a,3,3.8593833
1284ac4,4,3.1976686
129f4b5,4,3.8995645
12a4ba5,2,2.0533707
12b2994,3,2.7665124
12c365a,3,3.463305
12ea160,3,3.3927839
12ec9ce,4,3.2100585
130f628,3,3.7873662
13154fa,1,1.4178905
131a75b,5,4.113718
132ccff,4,3.949749
13554fc,3,3.477632
136b806,2,2.7955365
137675c,2,1.5411136
13917a4,3,3.017712
1398913,2,1.7481036
13a7cb9,3,2.5294147
13b3e1f,3,2.5803046
13b533b,3,2.8124514
13c085e,4,3.6390038
13d1196,2,2.3615468
13dea5a,4,4.9946003
13f1744,2,1.9421551
13f81b1,2,1.7217133
13fb244,2,2.01683
13fd809,2,2.181435
13fe30a,4,3.7710893
1418cf5,4,4.6123514
1423619,4,3.4459598
1429ab3,2,2.2065883
142c979,2,2.708315
1430d38,3,3.6513479
143ad9a,3,2.175814
144515c,2,1.4113052
1446c35,4,3.297946
144a803,3,3.4838715
1461849,3,3.6419573
1464c1a,2,1.9481232
1468510,4,3.9371827
1473f9c,2,2.4677553
14a193b,3,2.6536722
14a6a23,5,4.061143
14a8933,2,2.8203123
14c87c2,2,3.1018527
14e0d1b,5,4.0745726
14eaf97,3,3.2805786
151a470,4,3.327184
152258f,3,3.4095414
152c2e4,3,3.772468
1534fbf,2,1.7562493
15365fa,4,3.7904708
153aa37,2,2.0595846
1542a67,4,3.941587
1576626,4,3.7794483
1585281,2,2.1464689
1591b94,2,2.2531452
15a509c,4,3.6934323
15b1360,5,3.8477635
15b7ad2,4,3.325227
15bcc7b,4,3.9180393
15c487f,3,2.715674
15c5d00,2,1.8691001
15dede4,5,4.174373
15f29a6,3,2.7560887
160dc72,3,3.0430236
161797f,2,2.1661854
1618e72,4,3.6383352
161a6b4,4,3.9303837
161da84,4,3.9705768
162a9db,2,2.3750238
163ac0f,3,3.465608
16502ea,2,2.094799
165914d,5,3.9599438
16729f5,2,3.2101
167b14e,3,2.803896
16b44a4,2,2.8182216
16cfecb,2,2.451921
1731db0,2,1.9793185
1732f3a,4,3.65844
1747469,2,1.9991999
174eb65,3,3.510724
1782cc8,1,1.58535
178a016,2,1.9534917
178a1c0,3,3.8006754
178f445,5,4.1986513
17a6ac5,3,4.035195
17c5f94,4,3.7337644
17d277f,3,2.637896
17d73bb,3,3.4423919
17d83e3,2,2.0705514
17e28c2,3,3.9436383
17e6981,2,2.226002
17fd420,4,3.3609085
1800723,2,2.0551038
1828de3,2,1.9988468
1831d64,4,3.8839986
1839865,2,2.1086545
1853495,4,3.8809123
185b01a,2,2.9760385
1866c81,3,2.2134228
187ef81,1,1.3624349
18865e7,5,4.10115
18869b7,2,1.9893794
188be60,3,3.6564631
189a584,4,3.736117
189e376,3,3.7585979
18ad0fa,3,2.317985
18afcad,2,2.8598301
18bc87c,4,3.4715648
18d261d,2,3.0020666
18f3009,3,3.0255713
18faa4d,3,3.0257273
191ef7e,3,2.7453027
19234b3,2,1.962727
192755f,4,4.2603517
19382b5,1,2.1841688
1944939,3,2.9411206
195da78,3,3.0343008
197f299,2,2.60353
19819e9,3,3.6012998
198286b,4,3.878056
19a2117,1,1.6674771
19b167b,3,2.7276077
19b293c,3,3.5538979
19d0d84,4,4.040432
19d6dc5,3,2.4373786
19e5a11,3,3.9709868
19e85b7,3,3.279756
19ea366,3,3.585857
19f4b8e,4,4.0624056
1a05aeb,2,2.0545986
1a07cfb,2,2.660965
1a14e33,4,3.717568
1a1c096,3,2.5252051
1a229bc,5,4.1643124
1a28c7f,3,2.9646516
1a51b71,4,3.8287835
1a5babf,4,3.9564824
1a69914,3,3.5970628
1a714d1,2,2.089826
1a76a83,2,2.0215697
1a86ceb,4,3.0135143
1a87f1c,3,2.562242
1a928ae,2,1.0657054
1a98406,3,3.6770976
1abc9a4,3,3.9834552
1abf7b9,4,4.163681
1ac7f5b,6,5.4583426
1af678f,2,2.0321174
1afbef5,2,2.173264
1b0037e,2,1.8782632
1b07598,3,3.5931668
1b1975b,5,5.544419
1b3b613,2,3.1234267
1b3b9bf,3,2.8853123
1b4d2d6,3,3.2497287
1b5c960,2,2.1903677
1b5f4fa,4,3.7034812
1b66af5,2,1.8397236
1b99396,2,1.7233644
1bb47b4,1,1.7665529
1bbd259,3,3.2160478
1bd1109,2,1.8682894
1bd9d8e,3,3.504575
1be148f,3,3.1758254
1be4323,2,3.0391493
1be7b59,2,2.17851
1bf0096,2,1.3782752
1c0a106,4,4.035225
1c1348d,3,3.59604
1c24c26,3,2.8466377
1c3468c,3,2.135118
1c5a11c,3,2.7930198
1c652c1,3,3.0777864
1c7a00d,3,2.3774436
1c8b117,3,2.8350577
1ca3291,3,3.3386836
1ca4609,4,3.8989427
1cc6be8,4,3.7731185
1ccaa99,3,3.1891046
1ccb947,2,1.9667969
1cd6fae,3,2.0824609
1cd7165,4,3.994669
1ce9669,4,3.8839052
1ced533,2,2.2698438
1cf05de,3,3.2303233
1cf4ea5,2,2.0498548
1d1227a,3,3.6667216
1d14e6c,2,2.5057757
1d1b8dd,4,3.1564243
1d287cc,1,1.8782532
1d5b94f,2,1.7168021
1d6c98e,2,2.31745
1d98e0a,2,3.4956565
1dbfc26,4,4.527874
1ddd510,2,2.573674
1de153e,4,3.630285
1dee883,1,1.5248088
1e15bb2,4,4.0018096
1e19e64,3,2.8253458
1e23fee,1,1.3290732
1e76917,4,3.7291098
1e8c487,4,3.9584577
1e8d2f8,3,2.7036195
1eab2e8,4,3.9753094
1eb4606,2,2.367794
1eb708e,2,1.9555922
1ed0f53,2,2.194838
1ee7cb0,4,4.2921596
1ef1180,2,1.8870599
1eff034,2,1.8879573
1effa08,4,3.9164147
1f0364d,3,3.3138387
1f06ef4,3,2.8108401
1f07cb9,3,2.627987
1f0cbec,5,4.214329
1f0e22b,2,1.5051062
1f113e1,3,2.8904214
1f252fe,4,3.9132345
1f3890c,2,2.5079265
1f3ac05,3,3.0618453
1f3d9fd,3,2.8309307
1f649f0,2,1.9184737
1f71276,2,1.8088129
1f78438,4,4.042946
1f7cf56,1,1.0328877
1f7ff01,2,2.4472113
1f94329,2,1.4280413
1fa88bb,3,3.1421504
1fb0846,4,3.926999
1fb5dc7,2,2.8745291
1fbb311,4,3.9463787
1fda3aa,3,3.326066
1fdb506,4,3.8592696
1fdcd75,4,3.812
1ff02e8,2,2.2027807
1ff2705,3,3.4194694
2009f18,3,2.5275779
200f74f,2,2.3503306
20233ea,3,3.0389526
2042022,1,2.1843514
204f925,3,3.1038122
2059452,3,3.1354313
208907c,1,1.3469619
208eb37,2,2.7346442
208f29c,2,1.9861526
20a1cb4,4,3.0820541
20b7318,4,3.5099995
20cce9b,2,1.3019068
20db8b2,4,3.9808302
20db990,1,1.3666122
20e2d04,2,2.804429
20ec8b0,2,2.2086828
20f1ea0,2,2.9214685
20fa155,2,3.1165593
21100ac,2,1.8947191
21178bf,3,2.8297176
2129e90,2,2.4833484
213de64,2,1.6598929
214bad3,4,4.2703424
214ed5c,2,1.8625547
2169b0a,4,3.8494177
217c2ee,4,5.0014143
218778e,2,2.749857
21958fc,4,3.9125662
219799d,3,3.734796
21a8d76,5,4.0087214
21b56d3,3,3.5008469
21cd93f,3,2.8632908
21d3475,2,1.9788423
21ebb27,2,3.012902
2211051,5,4.864995
22299e4,2,1.9295571
223b86d,6,4.431199
22507ef,2,2.7174845
225fcb4,3,3.1612563
227691f,5,4.412471
228188e,2,1.6626225
2289ad8,4,3.9740107
22955c4,5,4.085154
22b89af,1,1.232071
22ba497,5,3.9590933
22c53d1,4,3.5421605
22c55c4,1,1.9783287
22e1e7a,4,3.5088768
22ed7ef,2,1.2761941
2313cd7,2,1.9373829
2315ee0,4,3.8367114
232c60c,3,4.145447
2336577,3,2.7692842
234a75d,3,3.033287
234b700,2,2.8826413
2357683,2,1.4930841
236f38c,4,3.4147248
237a974,2,2.2884774
23d7e8f,3,3.8060207
23e5178,3,3.3490195
23ee95d,3,3.649919
23f9c2e,2,2.0790477
2404f31,2,1.9774652
241077a,4,3.5032349
2421da3,3,3.1131136
243124b,2,2.3731759
2440f97,2,2.512546
2444c8a,2,2.0908213
2472175,2,3.6781192
247b49d,5,3.9585686
24ef783,3,3.799891
24ff191,2,3.348497
250a96a,3,2.2837377
2515e4d,4,3.667999
252141e,2,2.108921
2522c5d,2,3.082883
2529033,3,2.8590727
2557bb7,4,4.0730486
25588ad,3,3.1268866
2565613,2,2.614353
2578c02,4,3.729942
257a6a6,4,4.042367
2590aa5,2,1.9535539
25a9af8,3,2.8981657
25b8dc1,3,3.430531
25d7df0,1,1.8385525
25da2fa,3,3.9688096
25df534,4,4.1305523
25e2100,4,3.0626879
25e255c,3,3.1482117
25e3cc1,3,2.3247755
25e7fcb,3,3.1029701
2601398,3,2.0622256
260eeff,3,2.8940778
2617ac7,4,4.0012007
261fd43,4,3.9631934
26434a0,4,4.2512727
26479a8,6,4.923648
2650cb7,2,1.6656502
265499b,2,3.1434855
26598f5,4,4.0875096
266c5f7,2,1.3863976
2688e0d,1,1.2718965
268d81a,2,1.9816728
26983cf,5,4.178836
269e81f,4,4.026992
26aa2e8,1,2.8169863
26b13f6,3,3.2900364
26bc38a,4,3.1697457
26c4ea1,3,3.5225468
26c804d,3,2.74129
26cbb50,3,3.4365318
26de96d,3,3.0739512
26e091d,4,3.7867258
2704439,3,3.2146964
2706317,4,3.9796402
27295aa,3,3.332498
273ea57,3,2.9663644
27427c9,2,2.5192776
2773770,3,2.9644694
279e329,2,1.2763441
27c1469,3,2.810543
27c472a,2,2.115288
27c933b,3,3.7030494
27d8ecd,3,3.1003509
27e155e,1,2.0278702
27e50f2,3,2.8774266
27e6dd8,3,2.5389724
27fabca,2,1.1247511
2802c3d,3,3.165132
280f3ec,4,2.8761818
2810399,2,2.0738978
28229c3,4,3.1020918
2833cfd,3,2.7337992
2836ae3,4,3.7002873
283e586,3,3.1418881
284d362,3,2.0483427
286ff14,2,2.2508655
287a0b6,2,1.8449454
287b18b,5,4.416137
287d547,2,2.5456355
2899c5a,3,3.3084698
28c8ca4,2,2.116695
28d24e7,3,2.9422886
28f131b,3,4.06609
28f67c4,2,1.8754936
290cf6b,3,3.3454742
2916425,5,3.9838986
29194fa,3,3.6936874
29273d7,2,2.7574449
2929f3b,4,3.3527958
29338c6,5,4.812694
2934387,4,4.0798817
29388ff,4,3.790648
293f43c,2,3.027382
296c49a,4,4.042219
296daf4,2,2.0912175
299d0f0,4,4.0421047
29a0567,3,2.2667024
29b1abb,1,1.0567405
29fb0d0,4,3.9636602
2a09cb9,2,1.9654188
2a161b2,3,3.0761888
2a188a7,4,3.3875399
2a36c77,3,3.80961
2a3f826,2,1.9802592
2a45bab,1,1.8333316
2a73724,1,1.3336625
2a76a2f,4,3.8169317
2a7d71d,5,4.0072494
2a7dcac,4,3.6503572
2a9bea8,2,2.2494745
2aaa8cf,3,2.1451933
2ab0ffc,5,4.659975
2ae8014,3,2.8443117
2aee9ae,3,2.0723727
2af2552,3,3.709231
2af9cde,3,2.9918602
2b057fb,3,2.9939077
2b075b4,3,2.3805547
2b1fd83,3,3.622541
2b237a3,3,3.717033
2b33aff,2,3.0104961
2b33dcc,3,2.9030967
2b41dea,3,2.4088516
2b59589,3,2.874178
2b5d872,3,1.6958075
2b63205,4,3.980885
2b85ea9,3,2.7483606
2b9dc98,3,3.2925668
2bb20b8,3,2.3680527
2bb8a01,3,2.8751364
2bd6edc,2,2.3762531
2be103b,4,3.8957953
2bf6895,3,2.78355
2bfdedf,3,2.8115501
2c00a1c,4,3.0866075
2c2a9be,2,2.0068479
2c2bb64,4,3.9188406
2c35c89,4,3.9609044
2c3f197,3,2.4889882
2c46fcc,1,1.7943695
2c5940a,2,1.9828258
2c5957b,3,2.4518285
2c5e0fd,4,3.8499353
2c6c2bf,3,3.327197
2c7af05,4,3.8672986
2c8144c,1,1.1303188
2c83487,1,1.9242642
2c91690,3,2.35574
2c9e6a6,1,1.2510234
2cb191e,2,2.6467552
2cb68c3,4,3.9322896
2cd8edd,4,4.024976
2ce7f8d,3,1.9350824
2ce9900,2,2.0974972
2cfa990,5,4.628316
2d04b73,3,2.159548
2d0b80a,4,3.9987602
2d1f0e7,3,3.63149
2d39640,3,3.4044254
2d39dbb,5,3.959562
2d454ec,2,2.692122
2d4a651,3,2.4837332
2d58e14,3,3.830466
2d65e94,2,2.0552902
2d6f640,2,1.7294534
2d75dd5,2,2.3138628
2d818b2,4,3.95592
2d9517a,2,2.9794874
2d9b9c4,4,3.6069772
2db61c7,3,2.9410963
2dc0b75,3,3.0538974
2ddb97e,3,3.5016391
2de9ae4,3,3.378202
2dee5f4,3,2.9371986
2dfce3b,2,2.6489415
2e128b5,5,4.166133
2e1a485,1,1.234409
2e1c6a8,3,3.4447193
2e24a93,2,1.8312118
2e2e458,4,3.9121482
2e312fd,1,1.3663261
2e37b89,2,2.4275565
2e43333,4,4.081456
2e4ce3b,4,3.8161964
2e622ff,2,1.0456477
2e62d3f,3,2.9101892
2e68380,2,3.2404945
2e6c099,4,3.9868047
2e95e4d,5,4.3257627
2e99f1e,1,1.421247
2eb6973,4,4.8204894
2ec88c1,3,3.237136
2ec9e00,3,2.6765418
2ece958,4,3.7201447
2ed047c,5,5.399316
2ee1a20,4,2.5441022
2ee76da,3,2.3507285
2eee3a4,2,2.1616151
2ef5d32,2,2.317518
2ef8816,2,1.65273
2f022c5,3,2.5273314
2f06170,3,2.175928
2f1718a,4,3.8424392
2f1c523,2,2.18328
2f73d77,2,3.2721882
2f76f40,3,2.2752151
2f7eae5,2,2.9440804
2fbed21,4,5.2622614
2fdb1d6,2,2.0287373
2fdbf31,4,3.7564778
2fefa3b,4,3.9621186
3014e1b,2,2.0112653
3021d47,2,1.9749206
303710c,4,3.9653752
3038505,3,2.672301
303e5c2,4,3.9220605
304b672,1,1.3522043
305a4e4,4,3.2485216
3072ba3,1,2.0423195
3077554,3,2.8125737
3085037,4,3.802978
308f712,3,2.1262684
308f736,2,2.274957
309bd04,5,3.991154
30a5a3d,1,1.6578302
30acda7,1,1.0928396
310b8bc,2,2.3018909
310dca5,2,2.1763134
3142f8d,2,1.9981644
3147bb8,4,3.8742871
314b42e,4,3.964407
3154945,2,1.8009496
3168ef6,4,4.42836
3179784,1,1.4202447
319d071,1,2.7774887
31b73d2,4,3.948798
31d3659,4,3.9460287
31d9589,3,2.7333589
31dfb5f,3,2.7992508
31e190f,3,3.0916867
32090e3,2,1.9279358
32097dc,4,3.9009116
320ae92,1,1.0850829
320c246,4,4.005963
3217d6b,3,2.9674244
322a5bf,1,2.227037
32333f3,2,3.4800963
3242556,4,3.7189162
3252ee0,3,2.917298
3261155,3,3.8350332
326d2f5,2,1.6764154
3283240,4,3.8396044
328c079,3,3.186001
32ad275,5,4.1194086
32ae080,3,3.5790715
32ba187,4,3.9318209
32d6a9c,2,3.289795
32dc789,4,3.6795897
32de0f4,3,3.0031824
32f477a,3,3.044243
32f6344,2,2.0624986
32f9b1d,4,4.1323147
3310eaf,1,1.0557013
3312b86,3,3.8088894
331ec21,2,2.17995
3323064,5,4.1674547
3333188,1,1.6399026
336f368,4,4.078818
33b606a,4,3.9761562
33cdec2,4,3.9887738
33d95e1,4,3.3847704
33e61e9,2,2.6615562
33fd8e1,3,2.4175506
3402605,2,1.8405904
342ac7e,2,2.1905594
34322b6,2,2.5872138
3443062,2,2.4290695
34807cc,4,3.978177
348647d,3,3.2391474
3499b3e,3,3.3338916
349e486,3,2.9287968
349f3b8,3,3.1397336
34ba9f1,2,2.106991
34bcca0,1,2.4603589
34e37d0,4,3.707496
34e6274,4,3.8607125
34e8646,3,3.2709
34efe4d,3,4.063904
34fd610,3,3.7873046
34fec4f,2,1.827767
351b4e8,3,3.8527904
3538c80,3,2.9896185
353f9af,5,4.235521
355c999,3,3.8504224
3562b27,3,3.03775
3570c77,2,2.123338
357ce9b,4,3.2868128
358bc70,4,3.4839478
3590bf5,3,3.4667072
3594209,4,3.8328936
359b8ee,4,4.0925045
35d6b4b,4,4.053329
35e422a,4,4.5076027
35f642a,2,2.326302
35fafb1,2,2.7588105
35ffbfc,2,2.0912519
36044fc,3,2.805334
3623362,2,1.8778095
36351aa,3,3.0146039
363d99c,2,2.9769158
3644611,5,5.1036367
3647ee0,3,3.3036642
366ba9d,2,3.3462038
366daac,3,2.9429555
367b888,2,3.0304444
3684d35,2,1.1536634
368eb7e,4,4.0250907
369a78f,2,2.104279
36b3126,2,2.2343802
36d421c,3,3.1979213
36d9eea,4,4.2073927
36da545,3,3.3611083
36e6143,4,3.984256
36e8507,1,1.4338728
36eaa58,4,3.8465714
36ed198,4,3.5594263
370d1af,3,3.893505
3715486,3,2.811274
371835b,3,2.4827013
371dcd9,3,2.0077891
372c68e,4,4.2247515
3738994,2,1.7913334
374b731,3,3.5334005
374f667,3,2.9075413
375c3d7,4,3.9633129
376401e,3,2.6228218
377afe7,3,2.8139045
377cdc4,4,3.053175
3785422,3,3.3930511
378b941,3,2.947946
3793f1a,4,3.962606
37b659c,4,3.8641164
37dc455,3,2.5513844
37deeb5,2,1.9271963
37e0414,3,3.0542653
381900c,4,3.315254
381c00c,2,1.2513607
38321da,3,3.9186413
3837aeb,2,1.5113262
386015d,1,1.4445977
38740e0,3,3.495905
3889cc7,4,4.0025296
389c7bf,4,3.3439598
389db01,2,2.1430902
38a36e7,3,3.1026964
38a3f6f,2,2.0747194
38aec83,1,1.7620554
38aeea4,4,3.9546816
38ddc8d,2,2.2422328
38e935c,4,2.954431
390be02,4,3.0103452
3916a44,3,2.8457353
392298c,4,3.8230567
3926c2c,2,1.9855481
393fc11,2,2.25382
394ce95,2,2.1771436
395e093,3,2.9081612
396898a,2,1.9767219
3982990,3,2.8007112
398af51,4,4.342259
398be0d,2,1.789639
3993eb1,3,2.501183
399c926,3,3.2154589
39b8a74,3,2.3892817
39c239f,4,3.8405921
39ca929,4,3.9335184
39cecd2,3,2.4753337
39daa94,2,2.1651487
39dad84,1,1.4337392
39e422c,2,1.6238326
39f503f,3,2.2847571
39f9997,4,3.981679
3a035fb,3,2.2289722
3a0b1c6,3,2.5360355
3a0f754,4,4.07467
3a153f0,4,3.8943071
3a1f04d,2,2.1021874
3a20378,3,2.310143
3a2c718,3,2.2420073
3a46a7c,4,3.9733396
3a4e8d9,4,3.7987914
3a57893,5,4.938309
3a664f7,2,2.676393
3a737b0,2,1.7525564
3a74972,2,2.4413295
3a77919,2,2.2449338
3a79c7f,3,3.8585281
3a8262e,2,2.176434
3a97cf5,2,2.1727023
3a99159,2,2.0348015
3abb6ee,4,4.0460086
3ac8dc9,2,2.853662
3ac8feb,3,3.7147608
3adbfc3,3,3.8561594
3adfa2e,3,3.1704013
3aed042,3,3.3733847
3aedf9d,3,2.9054618
3af6a4a,1,2.250761
3b0840a,2,1.9184866
3b163b8,4,3.982201
3b20650,6,3.8782682
3b32089,3,2.2072697
3b480e0,3,3.6168633
3b564b2,3,2.9060252
3b80a89,4,4.056241
3b882f2,1,1.40967
3b946d1,2,1.9498701
3b9e890,3,3.4849815
3ba1dd3,3,3.689983
3ba26e9,3,2.442297
3baea30,3,3.866157
3bb67ff,2,2.0042691
3bbd49a,3,2.6269398
3bc01dc,1,1.186776
3bea149,2,2.6744745
3bf2e42,3,2.8313766
3bf4a7e,3,3.2215078
3c03d31,4,3.480343
3c0e026,3,2.6825676
3c29492,2,2.0987947
3c2b8aa,2,1.8374062
3c2c83a,2,2.1613016
3c30a03,2,2.3139186
3c3e5dd,4,3.5877984
3c41d0b,4,3.3754706
3c5860f,4,3.9679434
3c6bfec,4,4.30253
3c6d6fb,3,2.9404182
3c82a94,4,4.0351887
3c883cd,3,3.0279264
3c88c11,3,2.9987826
3c8bd10,2,2.881299
3ca4cae,3,2.9912581
3ca552e,3,2.5523334
3cc2f1c,5,4.1457095
3cd190e,3,3.7919993
3cdaa47,4,3.9785564
3cf0e6c,4,4.031245
3d0cbc9,4,3.74752
3d100f8,4,3.4121952
3d17283,2,3.0043151
3d186cc,3,3.0738995
3d19d5a,3,3.0674748
3d1a0fa,2,1.8911787
3d2985e,4,3.9819086
3d32b8a,3,2.9405227
3d33d7b,2,2.5561757
3d37123,2,3.0957868
3d6c4db,1,1.1806223
3d73915,3,3.513376
3d89f86,3,3.026579
3d95296,5,3.8621883
3d9c1c0,3,3.1051831
3d9d8bf,4,4.2322774
3dad742,3,3.1840048
3db22d6,3,3.7688804
3db2fd4,2,1.9671557
3dce3b5,2,1.4777896
3dce6b8,3,2.7574086
3dd0ee7,2,1.7251235
3dd84ba,1,1.6852689
3e11caa,2,2.560679
3e13ec4,2,2.1485662
3e15f18,3,3.3982477
3e19af4,3,3.127527
3e23101,3,2.9652267
3e2ab80,2,2.7521627
3e43f50,2,2.194485
3e4ba35,2,2.1434665
3e665c1,4,4.036872
3e79213,3,2.753337
3e7dd0b,2,1.9684982
3e80746,2,2.9677784
3e837e8,4,4.046236
3e9dcd5,3,2.8931477
3e9eed3,2,2.558854
3ea008d,3,3.0463362
3ed4755,2,1.346623
3ef0ccb,2,2.2863927
3ef2980,4,3.156745
3f0b178,3,3.6222873
3f1888d,4,3.7677782
3f19bd4,3,3.864398
3f3ff43,4,3.8128145
3f42442,3,3.4622571
3f730ba,1,1.0581893
3fb7516,5,4.150954
3fbe68d,3,3.0680773
3fccfd5,4,3.879971
3fcff84,3,3.6977005
3fdaaec,2,2.061946
3fdf204,3,3.0369546
3fe1ffb,2,2.5455732
400076e,2,3.1120288
4009e22,2,1.7683406
4015682,3,2.2722933
40403c9,5,4.1158156
4049cd4,4,3.9495082
4078d22,2,1.8127375
4094224,4,4.0564327
409ca29,3,3.1361217
409fa65,4,3.3591297
40a9a69,3,2.650392
40a9cd9,2,1.9989424
40abe90,2,2.0015075
40aea3c,4,3.925437
40aedc0,3,2.35788
40b7257,2,2.2832208
40cba9a,1,1.2807198
410ce9c,3,3.0490437
410ef58,5,4.432809
413d044,4,3.9834268
415a9a2,4,3.8602228
415c292,3,2.9898055
4170883,3,3.4830213
4185a2a,3,2.7114897
418f0dc,6,4.9093328
41e1988,5,4.785217
41e799c,3,2.6957307
41ebc9a,2,1.8469872
41f185b,4,3.9388738
41ff99a,1,1.9798038
4205550,1,1.1391641
421d3f8,3,3.299182
4232755,1,1.2924134
423355a,3,3.1408122
423a7ea,5,4.3603616
423d789,4,3.8889582
42616c7,5,4.3814774
42672b1,2,2.5727649
426b7ff,2,2.7933211
4270df5,4,3.6193159
42933d4,3,2.59223
429f1e2,2,1.9673467
42c06b3,2,2.3538008
42f073f,5,5.2011557
4301d19,5,3.8929482
4337759,2,2.4583027
4347687,4,4.010084
4347732,3,2.9321246
4371a14,2,3.2284958
4373c2c,1,1.3065505
439ad10,4,3.887552
43cd26b,2,3.8032475
44205c0,1,1.2563558
4433232,2,2.9428067
443672b,2,3.1325827
4442f3c,3,2.9606628
4456d26,2,3.6479106
4465999,3,3.0322144
4465d4c,2,1.7500429
4469515,3,3.0327337
4469cc3,3,3.0027971
4490ec6,3,3.4823928
44a1d3c,3,2.9904308
44a3cae,4,4.034513
44a5724,2,2.2363205
44a8ee0,4,3.9441667
44cce77,3,3.3926077
44d0218,5,4.0534396
44d8489,3,3.6274157
44e0bd4,5,4.887728
44eb982,3,3.3769488
44eff2d,3,3.4412954
4505564,4,3.9059188
4508da1,2,3.3713663
45174e2,3,3.558981
451c458,3,3.0543613
4530e97,3,3.8306286
456dad6,2,2.1485662
458a3e4,1,1.3661704
459951c,3,3.912785
4599770,3,2.8283129
45a85a3,3,2.0009785
45b6989,3,2.9854255
45b937e,2,2.2912679
45bfb80,3,3.6709442
45dcd48,3,3.6165957
45e746e,3,3.3290129
45fcc6d,3,3.0201893
4613f8f,2,3.057733
461515a,5,4.670496
4620d7f,3,3.5680523
4649053,4,3.9037662
4653b01,2,3.12809
4656468,2,2.8559747
4666036,2,1.9181752
466a255,1,1.1276712
4677e9c,4,4.1946435
467a47d,3,3.5223994
468b07c,2,1.787511
46a2c8a,2,1.9285495
46bffef,4,3.7358305
46ca26b,3,2.7271218
46d02cd,3,2.73064
46d27e2,3,1.9112813
46dd6fb,2,2.0464902
46fa387,3,3.5835125
46fbc04,3,2.207332
471269c,5,3.965971
471cd36,2,2.2354598
471fb53,3,2.9111054
472298b,3,3.7898262
47288ad,3,3.3795202
474c621,3,3.6304145
474f4f1,5,4.4913516
47626ae,3,3.5281198
47812b1,4,3.645451
47824ea,4,4.7190475
4784274,3,2.8788838
47875cb,3,3.3328743
478c10a,2,1.8267446
4795aab,3,2.721094
479c18d,4,3.7912314
47a5dff,4,3.9897115
47b0dbe,3,3.338072
47b45a7,4,3.815123
47ba414,2,1.8100361
47bfbf4,3,3.6580427
47d14b5,3,2.8957496
47d6008,4,4.0648212
480146f,4,3.912496
481b61e,4,3.9718444
4827309,2,3.14593
4834d5d,2,2.5934367
4856bd0,2,2.246843
4866853,3,3.1979418
48679e4,4,3.913784
4889825,2,2.1917868
48ba8f5,3,2.862765
48c86d8,3,3.789758
48d0510,1,1.162682
490415c,3,3.2863085
49080ed,4,3.7767437
490a3ed,2,2.1123223
492fb37,4,4.65995
4938e41,2,2.8977768
494c3eb,2,2.0159252
4953269,3,2.7135534
49597fd,4,4.0984006
495a06b,2,1.9032245
495bc06,4,4.0894294
4963bde,2,2.2772737
498a10e,3,2.9911952
498d8cc,2,2.549135
4999445,4,3.832609
49c3efc,3,2.7120328
49cfbaf,4,4.2362595
49db5d5,2,2.722595
49e78be,2,2.2659
49ef06a,3,2.611934
49f24e5,5,4.9005575
4a18904,3,2.6368752
4a1a43f,3,2.4818416
4a1ccd9,2,2.1039667
4a2249a,4,3.627077
4a3a4a4,5,4.488859
4a3d281,4,4.168005
4a40a03,2,2.4457953
4a45fcd,4,3.398074
4a71171,1,1.4845487
4a7f13c,3,3.829412
4a7f767,2,1.9392459
4a8af26,3,3.5173144
4ab6958,1,1.2140596
4aea2ed,3,2.8532782
4aed3c1,2,1.5803139
4af3457,3,3.8297153
4afb85e,4,3.7705667
4afe849,3,2.923231
4b07312,1,1.3879559
4b10de1,4,3.0086074
4b2ae1b,3,2.2815611
4b2c8fb,3,4.033057
4b2ed69,4,3.4575667
4b346ce,2,2.5519571
4b35d62,3,3.4781551
4b39a5d,2,2.360709
4b434e1,5,4.9127197
4b50f50,6,5.072371
4b6d0bb,3,3.02985
4b79d77,4,3.8489401
4b8a067,5,3.991295
4b8c90b,2,2.8061576
4b8ee35,1,1.1822795
4b98b72,3,3.4072185
4bbcd54,2,1.7983449
4bc1460,3,3.1917734
4bda0df,3,3.2970738
4bf08a1,2,2.5338569
4c12021,3,2.537928
4c1ae2c,4,4.1351976
4c2c258,1,1.4233648
4c3e6ba,4,3.672381
4c5ca34,3,3.7893946
4c6248a,3,2.914946
4c6b4ce,3,3.4573524
4c8547d,2,2.9239593
4c93ae4,3,2.85283
4caa6f2,5,4.563537
4caf5f9,1,1.4111923
4cba575,3,3.5796518
4cbcf7f,3,3.5453458
4cd668a,3,2.8923311
4cdd49b,4,3.8416371
4ceefe6,5,4.5464973
4d03639,2,1.8978357
4d0b93b,2,1.2751894
4d44646,2,2.1351562
4d4b577,3,3.073966
4d6a8a9,4,4.3639874
4d6bbea,5,4.2289724
4dd2e34,4,3.785175
4e05e94,4,3.4932756
4e27e9c,3,3.4421897
4e4dd85,4,3.6472573
4e5e23c,2,2.114602
4e5f9f7,4,3.50092
4e616fd,2,2.441272
4e8a2eb,3,2.949952
4eb8e93,2,2.4809875
4ebd88f,4,3.9852736
4ed1e03,3,3.8581707
4ede8a4,3,2.272634
4ee5427,1,1.2728944
4eed718,4,3.9947653
4f0cdcd,3,3.5698326
4f0d3bc,2,2.783941
4f13751,2,2.2111208
4f2f54f,3,3.3302507
4f4cefa,2,1.8853244
4f5103a,3,3.0858412
4f55690,4,3.7690957
4f55fbe,5,3.9827707
4f56177,4,4.0063047
4f5a72e,4,3.993424
4f5b050,2,2.1017032
4f693d5,3,2.5608497
4f70228,5,3.9894116
4f78439,5,4.0029926
4f796a7,4,3.2403855
4f8575d,2,2.0745168
4f85ac3,4,4.4139585
4f951b4,2,3.084383
4fb4ef6,3,3.4444287
4fbd16d,3,2.738138
4fbfc65,3,3.8774624
4fd0b9a,2,2.0348287
4fd22d9,2,1.7018073
4fd64c4,4,3.2311745
4fda769,3,3.57245
4fe1805,3,3.1475482
4fe4421,3,2.750547
4fed77e,1,1.5364635
4ff8278,2,2.1111622
4ffba77,2,2.0284638
5007bb4,3,3.8835688
5018d4f,3,2.9191396
502014f,2,1.5558281
503ef87,3,3.7445712
504953b,4,3.2181566
5060536,3,3.5793242
5069938,1,1.3507193
50a970f,4,3.9473376
50aa92e,2,1.5829948
50af254,2,2.2786705
50af4f8,2,1.7907033
50b3ff8,4,3.9468198
50b6c97,3,2.878407
50cf267,3,2.2951279
50cf7e6,2,1.4035096
50dd1a8,3,3.0250401
50ecce9,3,2.764885
50ed966,1,1.2160606
50fa26f,4,3.6333222
5112f8c,1,2.0402699
511a456,4,3.9949481
512072d,4,3.7147658
513352f,4,3.9071417
5135522,2,1.9417726
5143f3e,3,2.566978
5177a59,3,3.3102832
518142b,3,3.362506
5183644,4,4.1425495
51865e0,2,2.1708565
518a8e3,3,3.664642
51a4fb0,3,3.45392
51a76e8,4,3.9549046
51b839f,4,4.4808936
51c9e95,4,3.6745074
51f5a92,2,2.2133746
520da03,2,1.8059988
52280f0,3,3.8320317
5243f77,4,3.6754417
5246ba5,3,2.5080643
52594dc,1,1.1541415
5278bcd,3,3.9197133
527b007,4,3.8902822
5283e8c,1,1.3642526
5286e2b,3,2.710061
529dccc,3,2.7692432
52a9b4f,3,3.4934692
52aa85b,3,2.5908089
52b89ea,2,1.7211018
52de2f6,3,2.4712524
52dea19,5,5.4075685
52fe408,1,1.2323471
53483f1,3,3.240415
534e7dc,3,3.7473269
53533e9,4,3.9478405
535fa0d,4,3.5131752
537261d,2,2.292171
537796a,2,2.584882
537ecf0,4,3.7669716
537fce7,4,3.6930704
538f361,4,4.071076
539508c,4,3.886268
53b3fb9,4,3.9881692
53b4b52,4,3.9970956
53b8296,1,1.2778175
53c5a91,2,1.5512447
53ef2d4,3,2.430987
53f4206,4,3.953229
53fb427,5,4.366576
54081d1,4,3.8577752
5413de8,3,2.720046
5415b21,5,5.048732
541f93c,5,4.2224092
54215a2,4,3.2214468
5440f90,3,3.2968905
545470a,4,3.5859556
545ac34,4,3.8392613
546556b,2,2.039392
5466263,3,3.8007271
54772a9,2,2.7918587
547a912,2,2.6225564
5493121,2,1.8549492
54baae1,3,2.6075778
54c06cf,4,3.9742482
5508737,3,2.960285
5517825,3,3.1386814
551b327,2,2.4272933
55214d4,2,2.8544068
5547307,4,3.4806592
55481c2,2,1.6411924
557a81f,4,3.2264824
5587a15,3,3.5263395
559b949,3,2.5073116
55a48e1,2,3.5196588
55c1225,4,4.0124574
55d00eb,2,2.1959062
55d6e17,2,2.0120456
55d9189,4,4.333068
560237a,4,3.696345
560cfe8,3,3.0445883
561e47d,4,3.9123135
5638723,3,3.621598
564b781,3,2.9443064
5652951,4,3.9208422
566528a,2,3.6154594
567bfa6,3,2.8738995
569a513,3,3.4640486
56a459e,2,1.9885144
56aa173,2,1.9226103
56b9a21,3,3.2741504
56d4f26,4,3.134602
56ecb8f,4,3.4852927
56efbd2,3,2.994563
56fcc78,4,4.12239
5700ff4,4,3.882883
5719378,4,3.6016011
572e210,2,1.813694
5738cb1,3,3.7728271
5739156,2,2.7173233
573c091,2,2.4127088
574441f,4,4.050165
575d609,3,3.8006785
57605e0,3,3.3039093
576b6b8,1,1.4906802
57797cd,4,3.1861176
57c0651,4,3.9780488
57fa317,3,2.5356648
581e044,3,3.645097
584ba4a,4,3.9231367
585210c,3,3.2334619
587f42e,4,3.8923895
58a5feb,3,2.9015574
58a74f7,3,3.8787208
58a9eed,5,4.347697
58b61cc,6,4.9231033
58ce9cc,3,3.5446446
58d9bb2,3,2.2374346
58e47e2,3,2.2421157
58edf73,4,4.0579185
58f5eb3,4,3.8141441
5913470,2,2.4030125
591c12a,3,3.6048224
5921b89,4,4.224187
59222be,1,2.4294093
592eec0,2,2.069745
5947d1d,3,3.074122
595e8d2,4,4.023126
596359b,4,4.0054297
59669b6,2,2.2733822
59901f2,4,4.0654
5992b7b,3,3.687325
5993357,2,2.273517
599e45f,4,4.16224
59a00f0,1,2.2266283
59b6075,3,4.136462
59dcb0c,2,1.8186632
59e3ebc,4,3.2983565
59e5c22,4,4.077041
59e7f71,4,3.6871648
5a0a6e7,5,4.0420084
5a4758c,3,3.0894244
5a57116,4,3.9050887
5a5ccda,3,3.504259
5a5cd94,3,2.6584418
5a86d53,3,3.5503936
5a87202,3,2.7225158
5a8ffae,2,1.7810411
5a92ac6,5,4.0243807
5aae84f,1,1.811619
5abf3c2,4,3.9425535
5ac14fa,3,3.184954
5ace3fa,3,3.0216413
5ae6fe3,3,2.7931578
5af1f7c,3,3.8698971
5b02768,2,1.895289
5b044b7,4,3.8294573
5b06e68,4,3.8861785
5b0af71,4,4.039314
5b1041d,2,2.3190815
5b27764,1,1.882268
5b33e2a,4,4.1486163
5b36e7d,2,1.98098
5b5745a,2,2.3072982
5b9aed4,1,1.6730587
5ba4509,3,3.1856272
5baa53b,4,3.9150224
5bc5aff,2,1.688112
5be496b,3,2.7411885
5bef364,3,3.7666428
5bfc916,3,3.3697538
5c00e80,3,3.6332023
5c0836b,2,1.7739172
5c2e1c3,4,3.3966932
5c54427,6,5.2281036
5c66671,2,2.510183
5c72d6d,4,4.394615
5c740dd,4,3.9483502
5c7531b,3,3.5857718
5c80a5e,1,2.7353754
5c83688,3,3.8241918
5c8f28d,3,3.8061075
5c94970,2,2.5263302
5ca7d85,4,4.0466933
5caa2b6,3,3.1073287
5caf763,3,2.9208796
5cc9f66,3,2.6487265
5ccd665,2,1.6953388
5cd143c,2,3.4475772
5cdd3f5,4,3.8881414
5cdef55,3,3.9759088
5ce6e6e,3,2.6046944
5ceec09,3,3.1977434
5cfbd1d,2,2.243207
5cfcdf9,3,2.6833603
5d01e15,4,3.7493277
5d0602f,1,1.1620505
5d286e5,3,2.937776
5d30afd,3,3.3530457
5d31922,3,3.0118432
5d47f5c,4,3.2706263
5d68fc2,3,3.9452672
5d6a802,4,4.073497
5d7c618,3,3.534715
5d86e9b,3,2.8831587
5d99b40,3,3.5113297
5dcd034,2,3.1975155
5de1aa5,2,1.1924787
5de25ca,4,4.234143
5dfaa6a,4,4.024335
5dfd5db,1,1.6249161
5e08943,1,1.9269257
5e0a4eb,1,1.4652371
5e235b1,1,2.230287
5e2a283,3,2.264225
5e39a22,4,4.059647
5e48746,2,3.1006172
5e4b977,2,1.6865244
5e5a139,3,1.9433366
5e79b7d,3,2.9683757
5e82aa2,3,3.921196
5ea741b,3,2.982214
5ed55fb,2,2.3298812
5edf56a,1,1.1303405
5eea485,4,4.768882
5ef2247,2,1.9585171
5ef7420,3,2.2421975
5efcc16,3,2.4777424
5f1ad58,2,2.127326
5f2c330,4,3.832937
5f3892b,4,3.6117067
5f459f9,4,3.489356
5f49ea6,2,2.012692
5f4c06e,4,4.5848036
5f4fdc1,4,3.6780548
5f53317,5,4.454001
5f5e59d,5,5.278785
5f6ce63,2,2.1783462
5f6ec57,4,4.047924
5fa94d8,4,3.9420655
5fc3237,3,3.2643912
5fc543b,4,3.6350255
5fcfe02,2,3.0134993
5ff1aa5,4,3.307333
600df53,5,3.9997478
6019930,3,3.356409
601c703,5,5.0618067
603dc9d,2,2.1372924
6044442,3,2.8555121
60590d4,3,3.6173751
6094ebe,2,1.6703651
60a22b9,3,2.952466
60a7049,2,3.8686903
60b34ba,3,2.9451594
60bee14,3,3.043901
60d3f68,3,2.799312
60db628,3,3.1389718
60deae4,4,4.4326906
60e148b,2,2.6900046
60ffbdb,3,2.6830735
610be98,4,4.022011
6125d49,4,3.2655776
6128748,3,3.0972548
613b483,4,3.9648378
61424a0,2,1.9689882
615011e,2,2.5560422
615020b,3,3.377613
618a932,2,2.5494695
61c8ddd,2,2.3795967
61cd11c,3,2.639647
61cd246,3,3.969812
61d399c,3,2.1045396
61d3a3a,4,3.9940615
61e9aa0,3,2.9832397
6215c79,6,5.0797434
622d034,3,3.479152
622fa19,4,3.9981675
62441fa,1,1.7065516
6244328,5,4.16433
624ad4d,3,3.4726925
62502f1,3,2.950831
625611e,2,2.5313742
6263477,3,2.812965
6264a57,2,1.936863
6265245,4,4.0093465
62665d9,3,3.1948214
62720f4,3,3.6199605
62794a5,1,1.1384662
6285f83,2,2.7286515
628c245,3,2.9286869
629f419,3,2.7941391
62b0697,2,2.617124
62b5df5,3,3.0863097
62edb06,4,3.9779038
6309f92,4,4.014368
6318d10,2,1.9637508
63213be,1,1.2766337
632a0e8,3,3.9134154
632e88e,4,3.972153
6340303,3,3.660147
6353224,3,3.9781747
635537a,3,3.5610404
635eab5,1,1.2206527
6372aa0,4,3.960507
637b998,4,4.0056133
638b1ef,4,3.5583148
63b8e3f,6,5.3637414
63caf95,3,2.840695
63d70fa,3,3.352617
640d127,4,3.950079
6410f68,1,2.2029796
643143a,3,2.6661692
6432cad,3,2.8966389
643ef90,4,3.4785619
644a30f,3,2.757813
644a7fc,4,3.0488272
648593b,2,2.7031693
648d46e,4,4.0160728
64e1918,2,2.2449186
64e3c99,4,3.9244633
64f6bf4,3,3.5414512
650449d,3,2.9331377
6539b8d,2,1.6539779
654b522,3,3.758487
6569cfb,3,2.906405
6578feb,3,3.3705611
6583a7e,3,3.0622365
6584f28,1,2.0850139
6598ef5,1,1.087234
65aaead,4,3.1398804
65add2a,3,3.0922112
65b5e11,5,4.0930023
65c2a57,3,2.7277246
65c3b4d,3,2.869972
65ca23d,3,2.2877293
65d28db,2,2.2119615
65df960,3,2.9943058
65e8227,2,1.7931483
65e8a2e,2,1.6719345
65ea1b1,1,1.7539544
65eb0c4,4,3.970168
65f5a36,3,2.6848896
65fc8bb,3,3.9322367
661f303,3,3.8023975
66209d0,3,2.7542768
662abe5,3,3.868132
663ab69,4,3.8904567
663fde6,2,2.037839
6646ada,2,2.8901846
664fb12,2,2.4023166
665b527,4,3.7555418
668e16e,2,1.8460667
668e285,3,3.3144064
66acffa,5,4.0375824
66bca8e,4,4.287913
66ced2a,2,2.102982
66d946a,3,3.9580598
66dbd71,3,2.7847154
66de556,2,2.1120079
66e3b69,2,2.1282318
66e9092,3,3.1235073
66fc2ac,2,2.2692003
670daa2,2,2.8737535
671da5e,3,3.2998443
6744a28,4,3.3579082
6751494,5,3.7969306
67547f2,1,2.1669679
6755b68,2,1.7079896
678d7d6,2,3.0559316
67981cb,3,3.2447848
679b451,1,1.2016124
67bbfa5,3,3.2096262
67ce637,1,1.2562778
67e1c77,1,1.4724278
67e5706,3,3.5184946
67f1eb9,3,2.8863404
680d445,4,4.204006
68427ee,3,3.7745333
6852e97,1,1.2032593
6865fed,3,3.548545
6866c66,2,2.1576724
68796bc,4,4.1165686
68814ce,3,2.648602
68b8475,3,3.9448464
68eaf9f,1,1.2040869
68f3aaa,3,3.2159123
69084e9,5,4.38595
69128c4,3,3.1384485
691f21e,4,3.805617
693ed63,3,3.005242
6942868,3,3.0743046
6953953,2,2.3532581
6969618,4,3.937149
6972b2f,4,3.8909678
6978f8c,3,3.6615913
69a1180,3,3.23614
69d4bd8,3,2.3863435
69dbdef,2,2.2053273
69e3274,2,2.1690269
69e8f9e,4,3.924636
69f77d8,4,3.422127
6a0e77b,1,1.421424
6a14c3d,3,2.9094129
6a3ad47,2,2.1990209
6a3b34a,6,5.545678
6a4ff38,1,1.1537064
6a506f2,3,3.7022753
6a533ce,5,4.152725
6a92849,2,1.661284
6a9fa03,2,1.5310836
6ad33dd,4,3.5091546
6aebd9d,3,3.835793
6aeda00,2,2.783002
6aff675,3,2.782584
6b00aa5,2,3.1770883
6b08f37,2,2.5853808
6b1490f,3,3.114472
6b20789,3,2.886954
6b2b7d4,3,3.642914
6b445e4,3,3.0787933
6b6da28,2,1.9045341
6b71179,3,2.6441166
6b81b9d,1,2.0051103
6b85385,3,3.1126661
6b9a6c6,2,2.2743921
6b9b583,4,4.0062
6b9febe,4,3.9779363
6ba3d12,4,3.9137976
6ba80c5,3,2.6855588
6bd3ac7,2,2.2710094
6bd8e65,5,4.219486
6be0f72,5,4.3583035
6bf18d4,5,4.1592393
6c02528,2,1.9556657
6c11596,3,3.0123775
6c22e4f,3,3.0097942
6c309ce,2,2.0757766
6c3e2b9,1,1.2287961
6c67d75,4,3.989038
6c6ca59,2,2.5883608
6c6efec,3,2.890655
6c762a7,3,3.2630801
6c7a79d,3,3.2852223
6c878f6,3,3.1809788
6c9aebf,2,2.0505555
6c9f26e,3,2.8926473
6c9fb6f,4,3.2369258
6cafb50,1,1.2050699
6cc5bef,3,2.9391801
6cc752a,4,3.4111114
6cc889f,3,3.4537413
6cd064e,4,3.4159498
6cd8a38,1,1.0753841
6cec5ed,3,2.8693845
6d18a3c,2,1.9668121
6d19518,3,2.0529552
6d24baf,2,1.6534106
6d25307,4,3.414842
6d3a41b,4,3.4040751
6d719a6,3,2.7125335
6d73882,2,2.9255252
6d738b8,2,2.8944526
6d87001,2,2.086699
6d893ff,4,4.123333
6d8da85,5,4.209376
6dc736a,3,2.0538
6dd6055,1,1.1128957
6dd916e,2,2.0362227
6ddc70c,2,2.0138745
6df56fa,3,2.0843215
6e0482c,3,3.3488188
6e06652,2,3.2502656
6e095cc,3,3.5223315
6e37111,3,3.079843
6e41e6f,4,3.8737617
6e4237e,3,3.4090104
6e80f55,4,3.8019505
6e86c83,2,1.1221126
6e89a9f,2,1.9698501
6e990ee,6,5.278687
6ead7d4,1,1.1490016
6eb9060,3,3.889584
6ebb9fa,3,3.0586195
6ebd8ca,3,3.3240032
6ed964d,4,3.6633737
6edf6de,2,2.4493785
6ef582f,2,1.8950837
6f1d082,3,3.1399493
6f331fc,4,4.045752
6f38206,2,3.0795486
6f38e1a,4,3.7943904
6f3dc33,2,1.8490102
6f470e8,2,1.9134283
6f47cd6,3,3.033089
6f4d54b,2,1.960779
6f74878,3,2.979774
6f8a68e,2,1.8447486
6f9cf41,3,2.7851124
6fa2b46,4,4.2898674
6fa9527,4,4.0545244
6fb25b4,2,2.033507
6fda4ad,3,1.8689766
6fdced4,4,2.325178
6fecbec,4,4.023853
7015381,3,3.1579828
7036f2d,4,3.7407568
704a88b,2,1.9801328
704bebe,3,3.728869
704db62,3,2.9441319
706657b,2,1.9670041
706a54e,2,2.1290975
706d693,2,2.2984521
7077598,3,3.1875725
7090f87,1,1.6872199
7099582,3,1.9753416
70abb34,1,2.7496462
70ba307,2,2.0372005
70daa75,4,3.67904
70e0201,2,1.9377722
70e2f22,4,3.9536052
70e51aa,2,2.3898575
710f583,2,1.8582093
71208a0,3,2.8492544
7132e94,2,2.7248874
7148891,3,2.9204211
7173c41,3,2.7157738
718bcde,3,3.855297
71905fe,3,4.0626473
7199105,4,4.157526
719e49f,3,3.5030594
71b6e79,6,4.1090918
71bc28b,4,3.2786396
71c4a6d,4,3.890607
71e74d8,4,3.5227938
71eaf6e,5,4.3464518
7228e60,3,2.9543629
7235637,2,2.7074728
723792b,4,3.9220183
723a7df,2,3.2242565
723c2ad,3,3.6428518
7242039,3,2.4522548
724f18c,5,4.072796
725701a,1,1.3985368
725dd07,2,2.4049044
72886e1,1,1.054536
72908ff,1,1.3079927
72a4d46,2,2.7167306
72ac8f5,3,3.2183728
72bb125,5,4.0449286
72c20d3,3,3.6933186
72c9aa8,1,1.8456478
72d2ec7,3,3.0275755
72d3939,3,3.3009865
72daa06,4,3.8478122
730846b,3,3.752729
730a4ab,3,2.9257376
731cf48,2,1.9698648
7354440,2,2.783516
735f77f,2,3.2450542
73679f2,2,2.7350774
736b2a8,3,2.9967947
738a50a,2,1.9397731
738e445,2,1.301653
73a96a5,2,1.1674262
73ad80b,3,4.0508356
73adf47,2,2.0968137
73b7cf1,1,1.1739807
73dcfb0,3,2.4509807
74023c3,3,3.2593164
74053ff,3,3.0815477
7414383,2,1.6294227
74253a3,2,2.0093434
7430da6,4,3.5841324
743f56b,2,2.0725675
744604b,4,3.9141746
7457ea1,3,2.8339915
747407c,4,3.9846709
7476964,2,1.7683204
747e866,2,2.852231
7494af5,3,3.3390672
74abe2d,3,2.8007119
74b1e76,3,2.9870534
74dfb32,3,3.3744287
75221d7,4,3.2295685
75296c2,3,2.9731712
75403ca,4,4.035821
7542726,1,1.3123107
7557f5c,3,3.8549433
755b8ce,2,3.1750083
7586619,4,3.8290544
75a3e5b,4,3.225755
75a696d,4,3.1244059
75abb10,2,3.0463643
75ad824,3,2.1673703
75b5154,4,4.118865
75b73b8,3,3.013631
75bb61f,3,2.8389454
75bb63f,4,4.0139375
75c1146,3,3.8532536
75e3824,5,4.8837743
75e727b,4,3.6405425
7615f5a,2,2.7770934
7617705,3,2.9621131
7628f84,2,2.0020587
762cf74,4,3.719391
7630d04,2,1.9256047
76506c9,4,3.9039817
7663e9d,2,1.9770905
7673fe9,4,3.9803188
7689936,4,3.6239216
7689f1a,2,1.5799143
7692a92,2,3.9178607
7694be2,3,3.3641064
769bbc9,2,2.729815
769ffb8,3,2.7659454
76ad1db,2,1.9664447
76b6a48,3,3.3594842
76c50bd,2,1.7232707
76dc873,2,2.889773
76ed4ba,3,3.808434
76eddd4,5,4.21065
7708e34,3,2.5795908
770a4ad,3,2.0429463
772bf01,4,4.126052
774e049,4,4.1970177
7771f66,2,2.0608277
7797857,4,4.6359615
77a962b,2,2.7017238
77b81d0,2,2.4174368
77bed99,3,2.7286947
77c9d3f,2,2.8924012
77cdf2e,4,4.164538
77f101a,3,2.6080487
77f3262,3,3.0893137
780f29a,2,2.740705
781b2d3,3,1.6631978
7837555,4,3.8831992
78399a9,3,3.8614988
784933d,2,3.174033
7853ba5,3,3.622836
7855f61,4,3.7446392
7870511,3,2.1732512
788982e,4,3.7189894
788f31f,2,2.1107616
78aa0e3,3,3.2169
78ae718,3,2.9182477
78c57a0,3,2.4823194
78e8b03,2,2.0628476
78f88f5,4,3.941425
79006ee,4,3.701241
790efcf,2,1.0772817
791384e,2,1.9763155
7913c3a,2,1.7461107
79192bf,4,4.051553
793c4ff,3,2.8753579
795d85a,3,2.565444
795e021,3,4.1899166
7972b02,4,3.8795226
799fa1d,2,1.8333089
79bbd9b,5,4.5089726
79c21a0,3,3.928039
79c9ad0,3,3.2332804
79cbb62,4,4.3803635
79d5f4a,3,3.8534312
79d77f2,2,2.6465507
79de37d,3,3.9631262
79e3483,4,4.0535583
79f7075,4,3.8481927
79f7f20,4,3.7907367
7a0e845,2,1.6244326
7a12686,2,2.0267577
7a2207b,3,1.7704363
7a2d72e,2,2.8128977
7a4ba63,4,3.262113
7a5d972,3,3.3464663
7a699e0,2,1.6976819
7a6d548,2,2.023561
7a738ab,3,3.3373513
7a95534,2,3.6773605
7a9a64c,4,4.037546
7aa0c2d,3,3.7056432
7aa58e8,2,2.445383
7ac3dde,4,3.9295979
7af41ea,3,3.14853
7afcfe2,3,2.51706
7b00f6a,3,3.3345914
7b132ff,4,3.8722541
7b20057,1,1.3039727
7b28c77,4,3.9344618
7b4925f,3,3.0590465
7b59f1a,1,1.2673873
7b6980b,2,1.6929078
7b6d0b1,2,2.014852
7b6d1f8,4,3.8902085
7b6d47d,3,3.3475914
7b6f235,2,1.8463557
7b73775,4,2.7590914
7b844a4,3,3.739722
7b84689,2,2.5645566
7ba4828,4,3.922739
7bb110b,3,3.654449
7bb7223,5,3.9476438
7bb72d2,5,4.3381753
7bcbcd8,3,2.511263
7bccaa9,2,1.8985405
7bf387d,2,1.9816707
7bf3cb1,5,5.3409557
7bf4c14,2,2.407414
7bf7800,1,2.1011114
7c11660,1,1.061772
7c131fd,3,3.899876
7c1b968,2,2.221171
7c244f3,4,3.7930443
7c2b775,2,2.445877
7c41b2c,5,4.7003145
7c42b99,3,3.0705533
7c47a9c,3,3.2150328
7c47fed,2,2.44459
7c4e27f,4,4.242748
7c5291b,2,1.9305885
7c59798,3,3.796802
7c8726a,2,2.0830336
7c8732f,3,3.8731916
7c9812d,2,2.9757872
7ca7bfa,5,5.381074
7cb938c,2,1.9778965
7cc6019,3,1.937324
7cc875a,3,3.6268506
7cde36a,2,2.3214412
7cf67d3,6,4.407793
7cfa897,4,3.9476886
7cfefa0,2,2.9843082
7d09ab7,2,2.1390495
7d10a79,3,3.6027305
7d11ab9,3,3.7368557
7d129d6,4,3.0639532
7d38751,3,2.729547
7d4b44d,2,2.129867
7d50cf8,2,1.9689038
7d57aaf,3,2.5510015
7d65d93,1,1.41677
7d671b9,3,2.968204
7d69fe9,4,4.0983763
7d79b75,3,2.7354918
7d7d712,3,3.154661
7dd8cbc,3,3.7391226
7ddf11d,5,4.1369762
7df2dbf,2,2.655365
7df7949,4,3.745604
7e02485,3,3.0269651
7e0cc6b,3,2.7908764
7e123c1,4,3.990396
7e56af4,3,3.689152
7e60dc6,4,3.6985557
7e7f4f7,3,3.809183
7ea777f,2,2.992294
7eba1f3,3,3.4775457
7ec98f8,2,2.6524947
7ecef29,3,2.9207668
7ee16a7,2,2.7005181
7f078cf,3,3.9365528
7f0e5fd,1,1.328627
7f21cc4,2,1.9293832
7f318e4,4,3.6801233
7f3ff0a,2,2.953205
7f46464,2,2.8553772
7f55753,1,1.1770778
7f5780c,3,2.8618274
7f60e1a,4,3.2916536
7f66ed8,4,3.7198787
7f9f257,4,3.7084012
7fa0ea9,4,4.098463
7faa7c0,1,1.5352714
7fb27b8,4,3.7110214
7fcc28f,1,1.4400407
7fd1119,5,4.0456705
7fd4f07,3,2.4524014
7fd68b2,3,2.5868118
7ff464e,2,2.6131601
8004817,3,2.7445698
80148ab,1,1.2795935
80461ae,1,1.8334063
8048856,2,2.116011
8048efc,4,4.223153
8055ec2,3,2.4054673
8078df5,2,2.672121
807b8d6,4,3.7115324
807c627,2,2.1115303
8084fa4,3,2.8085542
8087773,4,3.2917
80998b6,2,2.9450972
809fa66,4,3.4075584
80a6291,2,2.3239083
80b646c,6,5.7947097
80ea52e,2,2.623773
8100b68,3,3.3001778
8102b68,4,3.8699465
811be0e,3,4.019677
811c907,4,3.950338
8121481,3,3.2826307
812bb51,2,2.1768842
812cb25,2,2.9500785
8133ef2,3,3.091056
8136c43,4,4.014888
813a77a,3,2.8147216
81563a6,2,2.630846
8159b69,3,3.159059
815b88f,4,3.2628675
8166d77,3,2.9809346
81748a3,3,2.7644243
8185666,3,2.8370993
818e2c1,4,3.7491221
819ef1b,3,3.5914757
81a7cb4,3,2.9894962
81d3e02,2,2.780559
81d56c1,5,4.138252
81e4082,3,3.0574741
81e7d02,3,3.2234142
81eaec9,3,2.8751261
81fbfc0,3,2.7570415
81fde2a,2,1.9743764
81ff8cd,3,3.3140957
8215d3b,2,1.1469479
821add8,4,3.6157763
822982a,6,5.0618763
822db5c,3,2.8727713
8230435,6,5.668056
823960d,2,2.0052872
823ca1e,3,3.2316155
8241d9b,4,3.8290434
8248967,4,4.0182495
8274d3b,3,2.3862002
827ffc5,2,1.8485177
82853da,2,2.854621
8291f47,3,2.8446927
82a94a8,2,2.4432926
82bb7d4,3,3.6509736
82c32c5,3,3.5852652
82c3a96,3,2.6872673
82d055f,5,4.768333
82eba96,3,3.451344
82ed376,3,2.970891
82f301b,3,2.865369
8309154,3,3.7912352
8319ef9,4,3.4120674
8323832,4,3.8988738
833118e,6,5.3665977
833c539,2,2.1227942
833f55c,2,3.3939898
8344fff,2,2.4656386
8345960,2,2.0367007
8371fe7,2,2.3324227
837a95a,2,1.3395742
837ac19,3,3.6557918
837b949,3,3.5729182
83b21b1,1,1.9430478
83b6723,4,3.7853947
83c22e9,3,3.1587884
83c6995,2,1.7389102
83c8872,3,2.8101435
83c9bbb,3,3.6222503
83d10b5,1,1.1881466
83f3017,5,4.2982616
83f3a78,2,3.1275032
83fb177,1,1.0170066
840ac5b,3,3.4779735
841c5f6,3,3.4460235
8423e55,2,1.5034299
84390cc,4,3.3283951
8439c0e,5,4.0902476
8440e18,3,3.3795826
845ae54,1,1.9022422
847199c,3,2.839601
84a2d6f,3,3.9744704
84a35db,1,1.2872331
84ac016,2,2.1378899
84aed86,3,2.6411538
84cb271,3,3.1668355
8500192,4,3.9531174
85225fe,1,1.3080809
853426d,2,1.9876723
85442bc,3,2.5327363
854b4e9,4,3.49113
854f4a6,3,4.1162934
856fe6e,2,2.00777
858fb4a,4,3.0206516
859107e,3,2.664399
859c17a,3,2.7266505
85b5320,1,1.3626654
85b6c46,2,2.942381
85bf4eb,2,2.190452
85dd935,3,2.9366722
85ec1a2,2,2.6066146
85efad1,2,3.3774674
85f1655,3,3.2170367
85f8a7e,3,2.7457657
8618ef2,4,3.9886734
862c8a6,3,3.2024405
863da41,2,2.8893137
8641177,2,1.9635148
866a03f,3,3.1010103
866c9af,4,3.978385
866e250,4,3.9853196
867ad09,4,3.9185011
86828ea,3,2.5116048
86887d7,3,3.4356964
868d0af,3,2.552392
86a61e8,2,1.8568488
86ad427,3,3.8143256
86ae0eb,3,2.740002
86c0189,3,3.285406
86d1cf4,4,3.370097
86d40fb,3,3.344839
86e07ef,3,3.0392594
86f34ea,2,2.2937589
86fe5cd,2,1.3828391
8705667,5,3.9540343
8707908,3,3.4222102
8734c44,4,4.8629665
873636f,3,2.9938197
874082c,2,2.7105439
874375a,3,2.7697444
875543a,4,3.9316661
8767f3b,2,2.3800995
87705ae,1,1.5319867
8784f93,2,2.0098734
878982d,3,3.9802656
878c1f5,3,2.9398603
87a0d31,1,1.2024323
87a30e1,4,3.6926756
87a9020,1,1.872127
87a9424,3,3.4077194
87a984f,3,3.4888325
87b148f,3,2.6745465
87c531e,4,3.6999168
87d51ad,4,3.2998068
87d747c,5,3.5256472
87df675,3,2.5109825
87e034c,4,3.9603672
87e9e35,2,1.6303446
8812078,1,1.8551562
88165e1,3,2.7297645
8831d7a,6,4.4418626
883dff5,2,2.6504164
88403b0,2,1.9474735
8885181,4,3.4828906
8891aa7,5,4.823624
889ff89,1,1.7162201
88a1205,5,3.8674815
88a671e,3,3.5357952
88a7b3e,2,2.051334
88a9a8d,2,1.96417
88b0a4f,3,2.9022574
88b3fa9,4,3.345434
88b9048,2,2.63849
88de2df,3,4.034778
88efd41,4,3.2995534
8919405,3,2.0727983
894060d,3,3.0777893
8943100,2,1.424965
896506f,4,4.4500856
897a51a,2,2.1567516
898bf33,2,2.8648233
898dc81,2,1.7044401
898e566,5,4.024432
8994e37,3,2.8717642
89a457f,3,3.4375603
89a47b1,3,4.031893
89add51,3,2.8210816
89b52db,3,3.5306268
89b77fa,4,4.021158
89ba5a0,3,2.584707
89d88b5,4,3.8066912
89daab8,4,3.9539785
89db6cc,2,2.59477
89dba36,3,2.8370943
89f2ea4,4,3.9128985
89f5181,4,3.9963307
8a171f9,3,2.961118
8a26294,4,3.9078677
8a2b6fe,2,2.6698549
8a38ff3,4,3.9997306
8a4316d,1,2.5864878
8a50bce,1,1.2680285
8a513f7,3,2.9239044
8a526cd,4,3.6255612
8a5aed7,1,1.030717
8a844ca,3,2.751439
8a88121,2,2.447135
8aa59a6,5,5.054826
8ab659a,2,1.795491
8acf0ad,2,1.9731412
8ad02ca,1,1.8679854
8ad6d36,2,1.6118329
8af880c,3,2.6688576
8b1dddc,4,3.4955926
8b6750d,4,3.9083204
8b81a7a,4,4.051913
8bb5ea3,2,2.4313397
8bb7ea1,4,3.1828399
8bdc6d6,3,3.235178
8be9ba7,3,4.0591793
8c1c38a,2,2.8886929
8c25a44,4,3.3840525
8c77043,2,2.6198938
8c7c4fd,5,4.029236
8c7ca7b,4,4.1203856
8ca8865,3,3.3810122
8cad5af,1,1.9916036
8cd1c55,2,1.9606421
8cf9d9a,2,1.9555321
8cfbbc9,2,2.3686523
8cfc1df,2,2.48906
8d20032,3,2.213298
8d735cb,3,3.0648987
8d8a13e,3,2.6883347
8d8a93d,2,3.3392391
8d94b1a,3,3.367028
8daba5f,1,1.9920254
8db3141,2,3.1161702
8dcd813,3,3.9090118
8dd4edf,3,3.1044533
8de1ffb,3,3.7244263
8de2ee2,2,2.0747402
8e1c0ef,5,4.225783
8e49acb,3,3.3377008
8e56db9,2,1.9872448
8e57d69,4,3.602878
8e65d52,3,2.572073
8ea0a22,3,3.082622
8eae3ae,2,2.64761
8ec8211,3,2.0526085
8ec9dfa,4,2.7765722
8ee2877,4,3.6122127
8eeb7fa,3,3.1741228
8ef6b25,2,2.137887
8efa809,2,2.5875351
8efd892,4,4.007087
8f33bf3,5,4.2478333
8f490b8,3,2.6108937
8f5a923,2,2.6192975
8f672fc,2,2.1083186
8f8a629,3,3.0981536
8f938f1,2,3.1308005
8fa4a0d,1,1.0531566
8fb3a5c,3,3.4079132
8fe2c25,3,3.1113584
8fecc8c,4,3.9590032
8fefb41,4,3.8495972
8ff6bc7,3,2.2113533
9005ce5,2,2.5678492
9014b2d,3,3.4228485
90320ea,3,3.5843215
9038586,3,3.16681
904a43b,2,2.127164
9055d9f,3,3.621548
905f9fb,2,1.9683896
9082c97,3,2.936293
908493d,3,3.176829
90849db,3,3.8900523
908dc9b,1,2.478125
90925e4,3,3.0351448
90a4d07,2,2.127977
90a8004,3,3.0680752
90af7bd,3,3.583521
90bba6c,4,3.9429827
90cbd8a,3,2.999454
90d5310,3,3.5831127
90d716e,2,3.8331127
90d7a84,3,2.467542
90ea4f5,3,2.9111505
9106d85,4,4.1784678
9129562,2,2.5304196
9135e6c,2,2.1349282
9136091,5,4.172705
9139e3e,2,1.9010193
9143473,2,1.7337338
9163d1f,3,3.036302
91680e1,4,3.112531
9168693,3,3.3691971
9176404,3,2.942388
919a690,4,3.8653026
919ecf5,3,3.0749393
91c3f8d,3,2.9587321
91dadd2,2,1.7604929
92069ac,4,3.9438884
920a499,4,3.982407
921f0da,5,4.4693475
925a4ca,1,1.1616969
928d593,3,3.8342824
929142b,3,2.855548
9291825,2,2.4404724
9291bf4,2,2.0759513
9292e8f,2,2.0983725
92c618a,3,4.100313
92cf776,4,3.882914
92d24d8,4,4.125306
92d5951,3,2.5662274
92daef9,2,2.1750252
92f46f7,1,1.8952646
9301582,2,2.825974
9306f0a,3,2.089945
9325925,3,3.1093311
9331963,1,1.36376
933c51d,2,1.3431991
93580a8,3,3.6610878
935e748,5,4.2720447
9375fe0,3,3.3342984
937d720,5,4.492693
939a1a1,3,3.478476
939d35a,1,2.1008036
93a78d3,5,4.617975
93d8870,3,3.8374534
93dcffc,2,1.9825604
93e1019,5,4.9930487
93ef0d8,3,2.7636676
93f09b0,2,1.9857502
9402ac5,1,1.1853188
940d9dd,4,3.413722
9419fd7,2,1.8507013
94271ab,2,2.376305
94277e6,4,3.9469204
942bd1e,1,1.0270932
9457870,3,2.832905
945f7ba,2,1.310599
9465a3e,3,3.2626383
9468359,2,1.3102307
946f2b5,3,2.9490476
9476b21,3,3.3824782
947e3c9,3,2.985012
94bb008,1,3.013377
94bbf8d,4,3.2864075
94c3802,2,3.2171853
94d40ea,4,4.2312403
94d6290,3,2.586169
94e8b73,3,2.6979442
94f5165,3,3.1133137
9519ec0,2,1.9243615
951e252,4,3.9713194
9522242,4,3.4396286
952e8a3,3,2.2916367
9547f0c,2,2.8134341
9549d7f,3,3.3470335
954c8ac,2,2.1048684
954f9af,3,2.9748127
9560f32,2,2.630481
9583fe3,3,2.5405445
9588686,2,1.7623885
95a71d2,3,3.660405
95b6395,2,1.3087349
95bd900,3,2.7617617
95bdc27,3,2.3665838
95bfe2c,2,1.8877746
95c792b,2,2.205268
95e6c93,2,2.560185
95f5a82,3,2.8542366
95f7700,4,3.9905176
961718f,3,3.2102332
962163b,3,3.6825695
9638825,5,4.6878853
9647eef,4,3.8836734
964c2c6,2,2.1717672
9680a60,3,3.3889856
969034d,3,2.5043178
96cde53,3,2.0610127
96d1a1b,3,2.975453
96d4e62,2,2.2719107
96e0a80,2,2.3751397
96f54c8,3,2.7091715
96fc8c1,1,1.2020681
970d9ec,2,2.8470488
97112c1,4,3.9987183
9721f9c,3,2.8546648
9722207,3,3.3722522
972cdff,3,4.582352
9740146,3,2.4516706
9745863,3,3.7489257
9749d96,2,1.8975735
975e43c,1,1.3899974
978be22,4,3.9525545
979bea4,4,4.2852936
97aea5f,3,3.6727192
97d0bfd,4,3.7252743
97d36aa,3,2.2056923
97d7afa,1,2.1499667
97e6bcb,2,2.017449
97fc71d,3,2.7394094
9805145,2,1.9416771
9817fb6,4,3.9299204
98241b3,2,1.9931277
9841c2a,3,3.510025
984c897,2,1.9837112
984fbbb,2,2.4220543
9852c3d,2,2.6397786
986dd49,2,2.8512795
9870786,2,1.9905198
987afbf,1,2.2059531
989e354,4,3.6213062
98a1e0f,4,3.8127255
98a7fbf,4,4.2746954
98bf153,3,3.2091055
98bf596,3,2.1576543
98dc208,1,1.5248613
98e40a0,3,3.6477695
99038ba,3,3.9125419
99120c9,4,4.326144
9921ad6,4,3.8617895
9921bda,2,2.6412868
99278f9,3,3.9913137
9946d02,1,1.0787708
99491b5,5,4.576689
995ce5c,3,3.2304637
9960203,3,2.8986511
996c81d,4,3.8201952
997679c,4,3.3316672
99890ed,3,3.1701665
99986d6,3,3.1722426
99b452f,2,2.362478
99b9e95,2,1.9633299
99cb3da,2,1.9142876
99d4eb9,3,3.1298375
99d56b3,2,1.7929614
99d5f44,5,3.8582366
99e65f8,3,2.9646218
9a10719,4,3.872603
9a12acf,4,3.9778807
9a371d4,3,3.6844192
9a40be1,2,1.810448
9a5b643,2,2.1641383
9a5e60c,3,3.3355107
9a8210e,4,4.1788425
9a982b7,3,2.9706736
9a9f450,1,1.1496764
9ab1d8e,2,2.2563465
9ab4613,4,4.1077228
9acbdd6,3,2.9565043
9ad9ce8,2,1.895927
9b3f766,5,4.2610035
9b46cdb,5,4.1222396
9b4d62a,2,2.3160703
9b51fc0,2,1.8148836
9b852ba,2,1.9170278
9b94476,4,3.4347348
9baa424,1,1.3622552
9bdaaa5,3,2.5362954
9be4687,3,2.114485
9c048c8,4,3.6154132
9c14496,3,3.9700534
9c1a9ab,2,3.2954702
9c2e50e,3,3.9047236
9c3982e,3,3.3539696
9c3ac23,3,2.073309
9c3f6e4,3,3.6114182
9c4fcad,4,3.9435415
9c73494,3,3.7947488
9c8b1e6,2,1.6837146
9c9d14e,1,1.2316302
9cc2227,5,3.810775
9cc5892,1,1.8234618
9cd6ef9,3,3.2277985
9cde242,4,3.909301
9cf3e02,3,3.6323802
9d00ea1,1,1.2476398
9d04ae1,2,1.9799204
9d0baaf,2,2.2252603
9d17f4f,4,3.959896
9d1a448,6,5.605363
9d5d994,3,3.9295807
9d79792,4,3.4985852
9d81d73,1,1.5524356
9d90fe3,5,3.9562135
9da2c13,4,4.2080665
9da6a6d,4,3.3687067
9db2ecb,2,1.5395362
9db3108,4,3.0487835
9db4251,3,3.3021426
9dc6cd2,5,4.748048
9de4b03,5,4.341823
9df4209,3,3.3054202
9df9b34,2,1.7471176
9e0bd1d,2,2.9298759
9e1754d,2,2.626286
9e1c9be,2,1.9080079
9e219bb,1,1.1756536
9e31ec8,3,3.030456
9e3d44e,4,2.2512317
9e46632,3,2.0566583
9e49aed,4,3.9311519
9e4dbb5,3,2.5525799
9e5ccc7,3,3.849506
9e62098,4,3.786946
9e6c4ac,3,3.404302
9e6ccfe,1,1.1948737
9e6ea7f,5,4.2434435
9e83f64,4,3.672491
9ea622e,2,2.5343952
9ebb468,4,3.6664858
9ec345f,2,2.793662
9ecd3e3,4,4.0008583
9ee622a,3,2.5415735
9eea4e6,4,3.6851826
9f1e1e7,3,3.357508
9f32820,2,2.0454454
9f552a6,5,4.0308695
9f55388,4,4.1045046
9f5b732,3,3.2214482
9f60771,4,4.1180506
9f6d017,4,3.8729537
9f7787b,4,3.0909524
9f79642,2,2.1340292
9f7b5da,2,1.6953061
9f7b7bc,3,2.076739
9f804bd,2,1.9247638
9f8335a,3,2.6366606
9f8a611,3,3.3173559
9f91572,5,3.9992766
9f9702b,3,2.8480296
9fa1a58,2,1.4270384
9fa501b,3,2.8822956
9fa7764,3,2.9971237
9fc96de,2,2.8043604
9fd7ecd,2,2.6579752
9fe31ac,3,3.3706112
9fe42f3,4,3.8300285
9ff5651,3,2.9039485
9ffa2f1,4,3.6498141
a004e6d,3,3.8578782
a02b9bc,2,1.3669804
a02fadf,2,2.9184651
a057d58,3,2.3855402
a08552e,3,2.9061356
a09fa5a,2,2.2264285
a0a89c2,3,3.656783
a0ba91c,3,3.155509
a0c59ca,2,1.7110828
a0ca798,2,2.6574504
a0d3aa1,4,3.955056
a10dbe9,3,3.2961926
a1129e4,3,2.751769
a1199c5,3,3.7251775
a13242d,2,3.4552972
a1439be,2,2.6795454
a1474d7,3,3.6114395
a169df3,4,3.6851249
a16a21f,2,1.9228144
a17bd04,2,2.012323
a17c573,2,3.8915339
a17d69e,2,2.9034946
a1849d8,1,1.5447894
a187966,2,2.6950302
a18d842,1,1.2284217
a1a0e21,2,2.1116414
a1cde0f,3,3.0197754
a1d96a1,4,3.8915212
a1dc706,1,1.9642639
a1de23c,1,1.4548703
a1f2412,2,1.9299185
a22e219,2,2.4278655
a257c6b,3,3.1906626
a2603aa,3,3.3920813
a26afd3,3,2.231766
a27c28d,3,3.6926851
a2a5ab9,3,3.019188
a2ad3dd,2,2.1286678
a2b476e,3,2.5527818
a2cb039,2,1.9203471
a2d2b26,2,2.2502003
a2e21d8,3,2.813982
a2e75b2,5,4.400128
a2e903f,2,2.0648973
a2ed022,3,2.7088447
a2ffd16,2,2.2443058
a3025f7,3,3.6580873
a329f9d,3,3.072731
a332888,2,1.8949783
a342503,4,3.8598847
a354d9b,5,4.091542
a356c7c,4,3.9983644
a35725b,3,3.0485466
a367429,3,2.894618
a36d110,3,2.8498368
a3727fc,3,2.4732473
a377301,3,3.667554
a39770e,4,3.5475602
a3a4c11,4,4.867218
a3a8a5b,3,2.944861
a3ab1a5,5,4.8527884
a3c0561,2,1.9580183
a3d4bfd,3,3.2420304
a3e37e8,4,3.7626598
a3e45a7,3,2.365326
a3f3377,3,3.0652313
a3fb7e1,3,3.2567148
a40b2d7,3,2.0243273
a43acca,4,4.055929
a469ac9,2,1.6920196
a4711ba,1,1.7793844
a47e10e,2,2.2172425
a4801ba,2,2.98972
a496e3a,3,3.501657
a4adf34,5,4.0490713
a4bb0c4,2,1.6274084
a4c3fff,4,3.9998152
a4c8ab8,2,2.013043
a4fcdca,3,2.106965
a511e5c,2,2.5297358
a51fdac,3,3.9584134
a52300c,4,3.860721
a529909,5,4.577128
a52b535,5,4.4338713
a52d490,3,2.9069853
a5301b8,2,2.341504
a534657,4,3.9584076
a546e10,3,3.3151944
a55b2d1,4,3.5018816
a55c186,2,1.8630141
a56c345,4,3.4301004
a572f95,3,3.2520118
a5c16f9,1,1.5939298
a5c90b9,2,1.6273459
a5d516b,2,2.1885464
a5d517d,3,2.9108586
a5e4cbf,3,3.28835
a620dab,3,3.1202748
a62b401,4,3.9493523
a644369,4,3.9384692
a65543a,3,2.970358
a658683,1,1.4009953
a65cf4d,4,3.7854419
a65e1f2,4,3.9251943
a66267b,2,2.7392883
a66aa56,2,2.0334997
a66fe9b,6,5.7018566
a6733fa,3,3.7091885
a673a39,4,4.0546255
a678979,5,4.1613374
a67a151,2,2.918222
a69b0d6,2,2.6721845
a6a2e17,3,3.72558
a6a581e,1,1.279121
a6a80ed,2,3.1440246
a6aac56,2,1.7787006
a6ad743,2,1.9149933
a6d6211,4,4.048317
a6e087b,4,4.0474415
a723b09,3,3.9355927
a72499e,1,1.8254608
a727549,2,1.7957017
a73619b,3,3.9355533
a75401c,1,1.5028601
a76077f,5,3.9978116
a779bc6,4,3.7260234
a7875a6,2,1.9639795
a79494d,3,2.9402707
a79509d,4,3.9862163
a7a7fca,3,3.499035
a7bb990,4,4.194577
a7caf1d,4,4.1183
a7cc31c,3,2.8810573
a7d384e,2,3.248344
a7d63d1,2,2.7212338
a7dd51f,2,1.5332999
a7deac0,2,2.661273
a7f296e,2,2.3312237
a7f685b,2,2.2995806
a7fe09a,3,2.8393893
a806bc5,5,4.7632203
a815b01,3,3.076225
a81eb53,2,3.5935972
a82df4d,4,3.9214225
a82e4d8,1,1.7815113
a83390c,3,3.094347
a850453,3,2.389974
a853f66,3,3.8942108
a875d6a,3,3.6946049
a885751,3,2.9281259
a8895c0,3,2.6484761
a8a8f9e,5,4.1390014
a8bcbe0,3,3.3636038
a8bd45e,3,3.028201
a8c0065,3,2.9285269
a8c10ca,4,3.8007083
a8cf68c,2,2.9718952
a8d5765,2,1.9996247
a8d7467,3,3.3541567
a8dfab2,3,2.735463
a8e1e0f,4,4.0088625
a8e26b6,5,4.968077
a90f403,3,3.958919
a9196cd,4,3.9281664
a93459e,2,2.1273103
a950ff9,3,3.4544718
a9535dd,4,4.1384525
a95ef0d,3,2.8269324
a962a05,2,2.8202806
a966992,2,2.0198526
a984775,2,3.3062727
a987cd3,4,3.9000602
a99ca12,2,1.9474673
a9bd3cc,4,4.3359423
a9c4db6,2,1.6015246
a9c7fb1,6,4.671411
a9da167,3,2.8219233
a9e6fc3,3,3.6662693
aa15257,4,3.6936066
aa23394,2,1.6924956
aa3caf0,2,2.116857
aa514e3,3,3.4698842
aa52b3b,1,1.2396501
aa59609,2,2.390166
aa59ea3,2,1.8528111
aa5b031,4,4.329154
aa5c6ea,3,2.7261906
aa71931,2,2.120112
aa7225b,1,1.6890154
aa73fcb,4,3.9783294
aa8b0c1,2,2.3028479
aa96539,4,4.0003147
aa9d793,3,3.8697004
aaa4906,3,3.8262339
aab55ee,2,1.8566848
aab740b,1,2.035759
aac6aa3,3,3.9654183
aac896c,4,3.785935
aacafda,3,2.8583827
aaced97,3,3.178489
aad2362,5,4.013897
ab09a9a,1,2.4351492
ab0ffaa,3,3.6659656
ab12472,4,4.558447
ab1dd33,3,3.2544677
ab45303,5,4.4601755
ab500d0,3,3.5026412
ab6c995,4,3.8714128
ab74e1a,2,2.295587
ab866a6,4,3.8292966
ab8f0aa,2,2.5047183
aba7d09,3,2.6690845
abaa5bb,3,2.909082
abc960f,1,1.0393447
abcc9c9,4,3.253635
abdde55,5,3.9914935
abf0922,2,1.3021368
ac23966,4,3.9264083
ac3fdcc,2,1.9597828
ac4848b,2,2.91812
ac698da,2,2.063675
ac6a5bf,3,3.3748095
ac972d8,2,2.7323713
acb6361,3,3.4760509
acc0f9d,3,2.70849
acc3c33,3,3.356347
acd5ada,3,3.9536998
ace2bd7,2,1.9973952
ace9d62,2,1.2834303
acffb3c,4,3.4120576
ad14587,3,3.2607617
ad20e23,2,2.8134358
ad4d5c6,2,2.634392
ad5a5d8,3,3.571372
ad644f3,4,3.9149399
ad7124b,2,1.1933652
ad78cf2,4,4.3464594
ad846b2,2,2.2025154
ad87f74,3,3.3091812
ad9c9d2,1,1.437056
ada9687,4,3.1980014
adb6a5a,4,3.551492
adbaac9,3,2.939249
adc51a2,1,1.0527623
adde2f0,2,1.7977186
ade71b5,2,2.0762916
adfb0fa,4,3.9418817
adfe724,3,3.0938463
ae00902,3,3.3785756
ae0c1d5,2,3.0307999
ae0e9f6,3,3.6820283
ae3994d,5,4.409277
ae4bf83,3,2.5697021
ae5a636,4,4.613159
aeb4515,2,2.7391496
aed76f0,2,2.516962
aee28d3,4,3.4837408
af0b4d5,4,3.9112122
af0e18e,2,1.6409419
af2c054,2,2.0232491
af44b3f,1,1.892381
af570fc,3,3.557071
af5cb4d,4,3.533619
af642c8,2,1.9400339
af651d3,4,4.0060244
afb25f6,4,3.0422218
afb761e,3,2.6549973
afd6035,3,3.1428382
afe183e,3,3.5269785
aff4169,2,2.2684445
b01e9df,3,3.8724022
b02a203,2,1.771342
b030b4d,4,3.9423308
b051cda,3,3.9661422
b06b493,4,3.8378558
b07be40,2,2.6024876
b08a814,2,3.0122027
b09306b,3,2.2381067
b0bb62b,3,2.8654053
b0c3e04,3,2.0063658
b0d4b82,3,3.034085
b0dc5e4,4,3.8319836
b0e3a05,3,3.0090883
b0e8c53,2,1.9496236
b0f3d31,2,3.2086663
b0fa733,1,2.0287452
b0faa1d,3,3.575689
b0fc064,3,3.4189844
b101f70,5,4.060173
b106e35,3,3.317127
b109c0d,3,2.9231086
b1104f5,2,1.6848347
b1131cd,3,2.2209826
b11462a,3,2.9497948
b127d0f,1,2.1682153
b14f68a,2,2.2332325
b152931,4,2.7354088
b15e94d,4,3.9162166
b160f34,4,3.6968844
b16a4ce,2,2.7978067
b16f679,1,2.541466
b18fefa,2,2.0943751
b1b4b79,3,3.9457724
b1b6428,1,1.6152312
b1d2f95,4,4.035777
b1d4951,3,3.0133245
b1d8c2e,3,3.1886396
b1ee739,3,2.621611
b218e90,5,4.644845
b246ab3,3,2.6193485
b247721,2,2.3972678
b256b1b,2,2.172186
b26c443,2,1.8131328
b27d6f9,3,3.3105931
b299795,5,4.810073
b29999d,2,2.3307009
b2a522e,5,4.1395106
b2c56c9,1,1.0545988
b2d9c8e,4,3.939291
b2f1196,2,2.172528
b303cb0,5,4.20036
b305cf7,4,3.7915008
b308cb8,4,4.0832734
b333fa7,3,3.9573417
b35f2a2,4,3.412728
b390f90,5,4.4374375
b390f9a,3,3.2257783
b39b8bb,4,3.9082787
b3c4503,2,2.710831
b3c9e9b,3,3.1450796
b3cc7c1,1,1.03467
b3f07d4,4,3.9949045
b3f2446,4,3.8977318
b425a2a,1,1.7342975
b42c291,2,1.9622135
b431623,4,4.12456
b43185d,3,3.0123377
b4322b4,3,2.6553235
b436485,2,2.5139818
b45560e,2,1.9560759
b45db5f,4,3.9118316
b4620e4,1,1.1215414
b46858d,2,2.6387763
b475e54,4,3.8928638
b47a3a8,3,2.893381
b47da44,2,2.7682233
b47efae,2,2.3849635
b4a9b4a,2,2.2630365
b4bab3d,3,2.6590762
b4c9b45,4,3.4141479
b4d17d4,1,1.2260191
b4e5144,1,1.0172354
b50562f,2,3.0101721
b50adb7,1,1.4146945
b51348e,3,3.828724
b518165,5,4.326276
b52cc68,4,3.7670703
b52e1cd,4,4.002151
b5608ce,4,3.2404494
b592a97,2,2.239471
b5937a4,2,2.040452
b5962cc,1,3.190309
b5a9e91,4,3.2558277
b5abb88,3,3.7332144
b5b01ce,4,3.9405625
b5b5033,3,3.416714
b5c8650,2,2.92527
b5ede70,5,4.2711453
b606f8d,3,3.8797276
b60b996,3,3.1174467
b62d43b,5,4.1025777
b63917d,2,2.0705419
b63e6e4,3,2.992152
b64812e,3,2.8090324
b66fbcb,2,2.3498952
b670f65,2,2.8521266
b67f605,2,3.3852816
b6924c6,4,4.2737894
b6c0759,2,1.4151802
b6c3642,2,1.5736217
b6d07e7,3,2.8892365
b6da4bf,3,3.4459956
b6fdfe8,4,3.3375704
b71bc66,2,1.1564457
b71d27f,3,2.7377486
b7248bb,2,2.8146675
b72a081,3,3.2860985
b739003,2,2.146215
b741f16,5,4.1431828
b75e3d6,5,4.4914627
b75fe1c,3,3.4328802
b77f90b,1,2.2965045
b79e76d,5,4.128454
b7b0f05,4,4.11497
b7bf084,4,3.7552466
b7d2f72,2,2.0486565
b7d7d61,3,3.076265
b80959a,4,4.098022
b87afab,2,3.0944867
b88c3b5,2,2.601085
b89cdae,2,1.6697153
b8a49b0,5,3.954782
b8b5abe,5,4.7342305
b8bff70,3,2.7068303
b8cc468,3,3.9753952
b92da64,3,2.6404352
b93974a,2,2.5610414
b9606a9,3,3.8170135
b9657e2,2,2.4766383
b9717ba,3,2.8784494
b97afcc,3,2.8582132
b98dd39,4,3.9615204
b9a006f,2,2.00834
b9c57fb,3,3.701239
b9cc240,4,3.9830525
b9dce72,4,3.439064
b9ecda0,3,3.8233986
ba0f363,4,3.7215192
ba30fe9,3,3.295641
ba60110,5,3.9632459
ba68192,4,4.024538
ba7ac6c,3,3.2731328
ba8c337,2,1.9497572
ba93660,3,2.946657
bab0037,4,3.498561
bab2753,2,3.1127477
bab8e9f,5,4.6219764
bad6c34,5,4.168433
baed3dd,4,3.5136654
bb0c484,5,4.9261904
bb15869,2,3.3130324
bb2dd28,4,4.4099393
bb2ea78,4,3.7198532
bb4fc90,1,1.6619318
bb515f8,4,4.058791
bb60c4e,3,2.3225424
bb94198,3,2.2877836
bb9e309,4,3.9399898
bbbd6d2,4,3.9712906
bbc0087,4,3.2431195
bbc22db,4,3.8002062
bbcae01,1,2.0964153
bbcbf39,3,2.9241328
bbd6e51,3,2.8130126
bbdf689,4,3.7708416
bbe93c1,4,4.4182243
bbecc99,3,3.6025224
bbed051,2,1.5636154
bbf1f1d,3,2.9183996
bc2c839,3,2.9356866
bc3c595,2,1.28492
bc3cab8,4,3.7265372
bc58d4b,3,3.985145
bc5d605,3,3.1029947
bc5e602,2,2.8809724
bc66a2f,3,2.681131
bc7c899,5,4.0007763
bc9b957,4,3.0800335
bcbfae4,4,3.9642644
bcc379e,3,3.9883478
bcd3585,2,2.8241158
bcdbb5d,2,2.2860236
bcedb66,4,3.655145
bcff958,3,2.6498919
bd0efb4,3,2.9270105
bd1ac91,2,2.7133603
bd20056,2,2.8084302
bd205b0,3,3.7765906
bd23c17,4,3.48904
bd3ec7d,6,5.016288
bd4bdbf,2,2.600367
bd5b950,2,2.1043644
bd6185f,3,3.072326
bd6f060,4,3.7462702
bd72301,4,3.7914925
bd8eae9,2,2.1772866
bd968ac,3,3.6269631
bda130b,2,2.9142635
bdaf17b,4,3.8460097
bdb70ab,3,3.8755174
bdc77e4,3,1.5293002
bddb02d,3,4.0582914
bddf5ed,2,2.2479577
bde4c47,3,2.8978424
be02925,2,2.663681
be0bf59,3,2.513117
be0d8c0,4,3.3733032
be12d44,2,1.6774192
be177ee,3,3.2421193
be203c9,5,4.163808
be29f81,4,3.9218998
be316f2,4,3.9956274
be34efd,3,2.3971605
be496ae,4,3.6796088
be4fdc7,5,4.3284035
be81f6d,2,2.0835981
be8ce73,1,1.0893736
be96267,2,2.283938
bea04ac,2,2.5825422
beaaa47,2,2.0787568
beae3b7,1,2.8660092
bebb184,2,1.4391694
bec344a,3,3.1947253
becac59,1,2.36385
bed3294,4,3.5033834
bef3518,1,1.5820465
bf264d4,2,1.6832229
bf2ebc7,3,2.8799863
bf2f973,5,4.915931
bf30bb3,3,3.7936902
bf90e0a,2,2.257441
bf92249,3,2.9010444
bfa8186,4,3.896721
bfec395,4,3.4197993
bff0f17,2,3.9489675
bff982d,2,2.6359892
bffde1f,2,2.2298484
c002295,2,2.2164345
c0058ca,4,3.804764
c02aca0,3,2.8878827
c0311d6,4,3.75369
c038b3a,4,3.925882
c039048,1,1.7741535
c04225a,3,3.5641792
c0524f6,4,3.0584033
c060418,4,4.0333195
c065798,3,3.7288165
c06faec,2,2.974736
c097714,4,3.1583846
c09f013,4,3.723925
c0b989a,2,1.9337726
c0bea40,3,3.0773351
c0cf509,2,2.0451083
c0d358b,3,3.352977
c0d4f9b,3,2.7267609
c0e889b,3,2.5488439
c0f71ee,3,2.8856735
c107670,5,3.9006932
c10b82e,2,1.8461508
c115173,3,3.4957817
c117260,2,1.3366711
c1242e8,3,3.688826
c1337a6,2,1.9491835
c133921,3,3.4178007
c137306,1,1.0734574
c149d08,6,5.001877
c14ce77,2,1.9281065
c1500e3,3,3.6791334
c15344b,4,3.8591537
c15c769,5,4.1318383
c164c8d,3,2.5425284
c1831cb,3,3.8163228
c1957cd,2,2.6465888
c1b8377,4,3.9722383
c1c0b13,4,3.289571
c1c5139,4,3.7429326
c1d1fa7,2,1.6758943
c1e1f15,2,1.7654421
c201ec2,2,2.548248
c208b00,3,2.2482245
c20d79b,4,3.4757786
c24e037,3,3.8825498
c2570f6,5,4.0049005
c262f42,3,3.2338707
c28a03e,4,3.8356082
c29258f,4,3.763727
c29eca8,3,2.6455588
c2b3309,2,2.1551185
c2c2fff,2,2.5548723
c2cfb38,2,1.9900506
c2e46f1,2,2.3195658
c312f80,3,3.5427063
c31d7a8,4,4.254982
c331692,4,3.9544592
c342e55,2,1.9683881
c34b128,1,1.657424
c35a9db,2,1.9377493
c369266,4,3.5183334
c36a91a,4,3.8352067
c36c3b8,4,3.8801026
c382fe5,4,3.35856
c38cf59,1,1.0907843
c3974d3,3,3.7816825
c39cdcc,4,3.9045393
c3b3b4b,1,1.1947875
c3b868c,4,3.995796
c3cdc02,2,2.9124584
c3f8479,4,4.7393203
c423068,3,3.2095761
c428c7b,3,3.0936148
c4359fe,4,3.945763
c43ffd8,1,2.1998868
c44350f,2,2.256989
c445bc3,2,1.8684795
c44be67,3,2.9414983
c45e3c0,3,3.4290452
c4740ce,4,3.9946804
c48368f,2,1.9344915
c4877f9,4,3.9868445
c493091,2,1.9890295
c4949e2,5,4.4079046
c4d4020,3,3.5637488
c4d54a6,4,4.100365
c4dd60a,2,3.091699
c4f9b90,2,2.6298316
c503e41,5,4.0282216
c519dc1,4,3.9553523
c529e2c,2,1.9336436
c5399a3,3,2.408634
c53c3de,3,2.7167435
c551b04,4,3.6186056
c58321c,3,3.120419
c58f3b3,3,3.6217809
c5b7d0c,2,2.311318
c5bb976,3,2.9801736
c5ced33,4,3.9274414
c5efa97,4,3.9820185
c5f6c71,3,2.9345398
c5ffba9,4,3.546374
c63b3bc,4,4.015954
c63c8c8,3,3.1378045
c660bab,1,1.3778121
c663629,4,3.8363454
c6833df,4,3.811533
c68a503,3,3.3148108
c6bc72e,3,2.6094584
c6eb28d,4,3.7691445
c6eb3cf,4,3.4641252
c6ec467,5,4.196025
c70e02d,3,3.5029616
c71cdd0,4,3.1702857
c71d08f,5,3.9820242
c721711,3,2.817036
c72e753,3,3.8743114
c760686,1,2.6408424
c77359d,3,3.2097487
c77637c,4,3.7531743
c77ce2b,2,1.9644792
c783ce5,1,1.9375695
c7a8763,3,3.0792706
c7aa884,3,2.849072
c7bc7d4,3,3.66775
c7cf4b9,3,3.1634772
c7e3380,2,2.6292138
c7e56eb,3,3.470221
c7e5fc4,2,2.0435135
c7ee763,2,2.76857
c801518,3,3.7421448
c801796,3,2.7355404
c803055,4,3.8128366
c814755,4,4.049871
c81baf7,5,4.0752764
c825455,2,3.3824384
c82e0f2,1,1.0426396
c83d850,3,3.328917
c841116,2,1.712253
c84ddf6,3,3.994983
c85ac45,1,1.4150624
c85eac3,3,2.961878
c893ec0,4,3.984603
c8ac4d3,3,3.6006222
c8b7e84,5,3.9523249
c8b9f6b,2,1.8164663
c8bf3bc,3,2.4899447
c8bf57b,2,3.0467935
c8cacc0,3,3.36139
c8d2ad9,4,4.339174
c8dc41b,3,3.1447208
c8dd865,4,3.9171557
c905591,5,4.8860207
c93e9c5,2,2.6513567
c9459a1,2,2.0260677
c949ffe,2,2.027426
c94b689,3,3.1191525
c954cd3,3,3.3270588
c97615c,3,2.8405294
c98a9ba,4,4.0557947
c98ba96,2,2.3164196
c99384d,4,3.8777966
c998974,4,3.1873171
c9ba6e8,3,3.1874897
c9e31fe,2,2.7910628
c9f4cf0,2,1.8338633
c9f673e,3,2.937811
c9feb22,3,3.4658031
ca0c6aa,4,3.968782
ca0ed2e,2,2.4514842
ca26a6a,2,1.9731956
ca298de,3,2.7291923
ca2c547,2,2.3380888
ca2c8f2,4,3.6189432
ca310ad,1,1.0386053
ca341c5,3,3.6488543
ca49967,4,3.632627
ca49bac,3,2.7638364
ca4bd9f,3,3.7823327
ca545e0,1,1.1097207
ca5a507,3,3.7110305
ca5cb31,2,1.540812
ca5deab,4,4.0252337
ca698d0,4,3.9317448
cab5c96,2,2.643031
caba4d4,4,3.943346
caba837,3,2.9603481
cabd0a3,2,2.0272322
cabe99b,2,1.7942325
cad0481,2,2.7644649
cad19f2,3,3.1437547
caf4c50,5,4.8105655
caf6416,3,3.0373714
cafa345,4,4.008479
cafeccc,1,1.3073545
cb1082b,3,3.4257302
cb44d67,5,4.0639305
cb53110,3,2.6130786
cb563a5,3,2.6147983
cb7e6c4,4,3.775865
cba180a,5,4.6298094
cbb9876,3,2.7351336
cbd49f8,5,3.9987257
cbdb095,3,3.2063878
cbe244c,2,1.3226169
cbedebe,5,4.0852575
cc08072,5,5.3605943
cc0bb04,5,4.8072977
cc2453a,3,2.8250046
cc28ac9,3,2.6640968
cc30810,3,1.440192
cc35b2f,4,3.7228935
cc37102,2,1.7399063
cc54cd6,3,3.8618817
cc6e400,3,2.951583
cc77ea3,2,1.975666
cc818e9,4,3.881436
cc93324,4,4.0174913
cca1cb3,2,3.756683
cca24a0,2,2.2458978
cca4654,3,2.7447324
ccaa072,3,1.878267
ccb13fd,3,3.114823
ccbecd2,2,1.2391328
ccc4a3b,1,3.5171437
ccd90bb,5,4.3954897
ccfc77d,4,4.121146
cd00112,4,3.9795284
cd222a9,2,2.2162728
cd32f6d,2,3.1664429
cd42609,3,2.3742652
cd4cff6,2,1.8317132
cd644de,2,2.0900588
cd6d09a,4,4.8184953
cd6f974,1,1.6639953
cd76853,1,1.0721548
cd7d4a3,2,1.9006312
cd9d88d,3,2.49043
cd9e877,2,1.322219
cd9f561,4,3.966913
cda556e,3,3.406961
cdabeb5,3,3.436376
cdb7f7e,3,3.0180962
cdc1cff,4,3.9084802
cddb65e,3,3.698281
cdf4b4f,4,3.7672603
cdf6869,2,1.1183351
ce0be14,2,2.5856833
ce0fa56,3,3.116274
ce1060a,2,1.638361
ce215cd,2,1.2142345
ce30566,4,3.6018512
ce51886,3,3.7085836
ce5b0bc,3,2.5444558
ce8c005,2,1.2437268
ce9e15e,5,4.0715175
ce9e198,1,2.943118
cea84d3,3,2.6418233
ceb1c5f,4,3.92493
cee22f0,3,1.9792991
cee8c0f,1,1.4206197
ceed91e,2,1.6189212
cefa430,3,3.2222703
cf1f159,3,3.5980852
cf2728d,4,3.7723193
cf315d3,4,3.776246
cf3b381,3,2.6455798
cf67ce2,2,2.0389957
cf6dc8a,4,3.4439158
cf741b4,3,2.3266778
cf8d30d,5,4.997085
cf96a90,5,4.1278825
cfa17b8,3,3.8112574
cfe9cbf,1,1.5641358
cfec3bc,4,3.9940631
cff14e2,3,2.922052
cff51e5,3,3.3154488
cfff1cf,1,1.852346
d007c8f,2,3.9401472
d0178e8,3,3.2492263
d018ccb,3,3.299878
d020bab,3,3.0623112
d02c595,3,2.8235884
d03e92e,4,3.514948
d04405b,3,3.451029
d053807,2,2.186158
d055690,4,3.4080021
d068bc1,4,4.2228165
d072354,3,2.5044093
d0776b6,3,2.6311302
d082973,3,3.5196462
d08a5ef,3,2.4447377
d08d9e1,3,2.8552628
d092163,3,3.8985145
d0b5ffb,5,4.3516645
d0b9036,3,3.1493828
d0bb1cc,3,3.590858
d0be8dc,3,4.037218
d0da9a9,4,3.884383
d0dfc29,3,3.9746628
d0e706d,3,3.8215456
d0f2283,3,3.3114307
d100700,5,3.9337265
d116833,3,2.6765194
d1568dc,4,3.9565434
d15e743,2,2.6515362
d1609f6,3,2.9901142
d16b46c,3,2.785848
d1718e6,2,2.8847766
d17dfc0,2,2.8830628
d18a663,4,3.4628081
d1e5244,4,3.9073255
d204dcb,2,1.2750106
d20bd7a,2,2.475327
d214529,1,1.4119825
d2196a3,3,3.9274116
d21cf9b,3,2.9437613
d226a86,2,2.4834228
d23d911,3,3.3847947
d24d888,1,1.6123297
d272aa9,2,2.135944
d286ab2,4,3.9545379
d298559,2,1.9547455
d2b9b8d,1,1.025032
d2ce31c,1,1.5593398
d2d299b,3,3.3763053
d2d423b,6,5.172151
d2d7ffb,4,3.3470078
d2f90b5,3,3.8042188
d31f217,5,4.321027
d321e59,4,4.2898474
d325701,2,2.127049
d33e136,1,1.1118749
d34958c,2,2.4529881
d34e7d3,4,3.5308893
d360054,3,3.2674975
d37a1d4,3,3.0067532
d39ff4c,2,1.9759849
d3a7bc3,3,3.7139828
d3c5dd7,3,3.1453083
d3d80b9,4,4.126134
d3da047,4,3.7689364
d413b38,3,3.2362607
d4147f2,3,2.605511
d43da53,3,3.0309095
d461c06,2,2.0559278
d464251,2,2.30919
d4a0406,4,3.93898
d4b08dd,2,1.9379013
d4c6797,4,3.831511
d4c76ab,2,1.9306303
d4d2562,3,3.189641
d4d961e,2,2.6996524
d4dc7a8,4,4.8567553
d4df1ab,4,3.701116
d4fcd5c,3,2.7145565
d507ed3,3,2.7766097
d513e3a,2,2.0646567
d51b27c,4,3.3173213
d57e683,3,3.200838
d58ff18,4,4.0326743
d596c5a,3,3.0922205
d598a49,2,1.8655882
d59e18f,2,2.5106711
d5b6859,5,4.16708
d5c8caa,4,3.5780592
d5e0122,3,3.2798865
d5e312e,2,3.5098672
d61e1f2,3,3.2928717
d61fa9d,3,2.6159735
d625185,2,2.2232666
d625d1c,4,3.9988735
d636677,3,3.0855448
d640a12,2,3.5644479
d648e2f,4,3.215889
d64d128,4,3.9986854
d65c27e,3,2.9758108
d666983,5,4.735488
d6831f6,4,3.9706044
d683a92,3,3.1567867
d699778,4,3.1239715
d699bff,4,3.352742
d6bbc8c,2,2.3883934
d6d6a0d,3,2.346196
d6d8c34,3,2.5807729
d6e067b,4,3.9743721
d6fd8ff,3,2.8823442
d7023dd,2,1.8154111
d7054db,4,3.9296494
d70fe0c,4,4.385386
d712c51,3,2.976327
d71408c,3,2.0344722
d72438a,2,1.9414032
d737262,2,1.944579
d74a2c4,3,3.925033
d763419,3,3.7303054
d77eb24,5,3.942193
d786da7,2,2.0746298
d7914dc,2,3.1391656
d79dfff,2,2.7878406
d7b02d4,2,2.182951
d7c5fc6,4,4.0250173
d7c93c3,2,1.8456427
d7d0216,3,2.8255804
d7d09c0,3,2.8977623
d7ea7e9,2,1.5322204
d7fd73d,2,3.4413948
d80af93,3,3.5502687
d81bdc5,4,3.9521883
d81ea74,4,3.8488555
d836e6e,3,3.100323
d8b7938,2,1.9535625
d8d10fa,3,3.5944967
d8dfcbc,2,2.854746
d8f3bd7,4,4.165677
d8f9c47,4,3.8465035
d8ff78a,2,2.0115948
d9311a7,2,2.9439232
d9597ce,4,4.063835
d987eaf,3,2.9809952
d991ec4,2,1.9517624
d9929eb,2,2.2069988
d9b3f52,3,3.9652166
d9cb9cc,1,1.5372914
d9cc4d7,3,3.3853655
d9d5eaf,1,1.435337
d9e6a88,5,4.1178775
d9eba6d,3,4.483479
d9fce09,3,3.772068
da09d2f,4,4.0396986
da0e8fb,1,2.6261039
da1c048,5,4.1589966
da34069,3,3.4663935
da50585,3,3.4385061
da50a6d,2,2.3695698
da5e16e,3,3.7585526
da5ee3f,3,3.6982143
da71454,2,3.033552
da750c7,3,3.9120407
da76745,1,1.8564346
da81c33,2,2.1532261
da8c829,1,1.2639194
da97203,4,3.8075638
da98e49,3,3.5009074
dab2346,3,3.8453996
dab3c06,1,1.2363272
dac3832,1,1.9898688
dacfa3e,2,2.8771524
dad855f,3,3.580641
dadac5e,2,1.8336899
dae3018,4,4.109693
daf76d6,3,2.9392176
daf7b23,3,3.43962
db0a0c0,4,3.8697565
db2b98a,4,2.7161365
db2d113,3,3.7761884
db2e4b6,4,4.2341595
db600cd,2,1.8631817
db698da,2,2.0947907
db6a373,4,3.7245748
db77ad3,3,3.6512556
db7fcab,2,2.115632
db8b63b,4,3.177484
db8d3d5,4,3.8418317
db9492b,3,3.1043181
db9c634,3,3.8003101
dba8941,1,1.190257
dbc3874,4,3.7496336
dbcd1d3,2,3.5017085
dbcda24,3,2.7969882
dbd15ac,3,3.0243335
dbe00b1,3,2.4317636
dbf7e1e,3,3.6540318
dc10eb8,3,3.0670776
dc2143b,3,3.2056494
dc29de3,2,1.9069554
dc31c99,5,4.102721
dc436b2,1,1.9742298
dc53609,4,2.9144137
dc76991,3,3.0985036
dc77aca,1,1.0549519
dc77ef3,1,1.1006904
dc84e92,1,1.2737341
dc91256,2,1.624977
dcbba07,2,2.8622065
dcc75d7,4,3.4752111
dcc7aa6,5,3.974996
dcda789,3,3.557071
dd03d5e,2,2.620597
dd32ed4,4,3.7882245
dd43138,5,4.0938168
dd5dacd,4,4.071176
dd6559d,2,2.0088673
dd83c62,3,2.3956785
dd852e1,6,4.925214
dd90728,4,3.083843
dd93e56,3,3.0058374
dd9b0f0,4,3.9739132
dda125c,2,2.2933497
dda8663,6,5.8347387
ddb4b6a,3,3.4875154
ddc4ddf,2,2.087728
ddc5a22,3,3.1573055
ddc656c,1,1.5303644
ddd1900,2,2.641766
dde38cc,3,2.2422585
ddffcfe,4,3.5615833
de3c518,1,1.9187307
de54c1e,2,2.0721943
de607a9,4,4.111514
de65f82,3,1.9748956
de78366,2,2.4108953
de8f65b,4,4.068018
defe6bd,3,2.243754
df0a3ec,3,3.596179
df14366,2,2.6052256
df23b1d,4,4.0333285
df2b290,2,1.7133238
df2cd7e,2,2.3937793
df7b1fe,2,2.3309555
df7dd88,2,2.5048108
df83cb3,2,2.0558486
df8563d,2,1.8597238
df99bf2,4,3.7854528
dfa0ecd,4,4.0939703
dfac493,5,4.9720516
dfbaca5,3,2.4651518
dfc4155,2,3.0553806
dfcaa20,3,3.471294
dfcd14b,4,3.9948487
dff0c49,6,4.358965
dff1a03,5,3.710731
dff3179,2,2.3260005
dffaf86,4,4.1994877
dffdcdd,2,2.3692493
e001dc1,3,2.7859406
e0062db,3,3.2476668
e011069,4,4.1238585
e0112c9,1,1.858206
e01a546,3,2.6325479
e026f3c,6,5.076912
e02b84d,3,3.1239676
e02d657,3,3.0753894
e036b6a,4,3.4891272
e03ff2a,1,1.6669476
e046c43,6,5.7583647
e05e602,2,1.8453532
e065df0,3,3.0280275
e0680f7,5,4.9393425
e068a9b,5,4.77573
e0781ac,3,3.379396
e092b77,2,2.1423793
e094603,3,3.1862984
e0b63de,3,2.6987936
e0dc585,2,2.5233798
e0ddf22,4,2.92872
e0e7925,4,3.86663
e0eb3ac,3,2.6216393
e0ebf63,3,3.2320924
e0f1d9e,5,4.4281673
e0fba9c,2,2.0942636
e104ebf,2,1.9579844
e11ee45,2,2.670072
e133934,1,2.1240215
e145336,2,2.1367674
e1461b0,3,2.878462
e146891,3,2.919777
e1486c8,3,3.2726102
e1490d1,1,1.1968571
e16157a,2,3.106094
e16657c,2,2.488824
e18839b,3,3.0668094
e18c6e9,4,4.133335
e195a3b,4,3.9995744
e196327,1,1.1968986
e1a65d5,1,1.8175685
e1a6cbe,3,2.6978009
e1b50d7,4,3.6865478
e1cdb9a,1,1.0877769
e1d1b25,3,3.118967
e1db186,3,4.0202956
e1de598,4,4.0073967
e1de5e0,3,3.3336618
e1e2a67,3,3.6927657
e1f5327,3,2.9778318
e2130c6,4,4.105612
e214a1e,4,3.9948113
e2202d5,4,3.9643726
e221e9b,4,4.1452904
e224edd,3,3.6635578
e233bf6,3,3.1169353
e24bee7,3,3.6804073
e254feb,3,3.1640606
e265aa8,2,2.502838
e26876b,5,5.1291127
e26c4cb,5,3.7777324
e2714d3,4,4.077741
e272e4a,2,1.8944185
e27d629,4,3.9795203
e284ce9,3,3.9349515
e28e48f,1,1.1531795
e2915cd,3,3.270059
e29e6af,5,4.1524105
e2aaf65,5,4.3310986
e2b1708,5,3.93215
e2b3740,2,1.9559445
e2b3961,4,2.7678628
e2c2e20,3,2.9153666
e2cc716,2,3.3588994
e2d253c,3,3.2152565
e30ea9f,1,1.435696
e31884d,1,1.860456
e328a1a,3,3.9185476
e32b3f7,3,3.3913593
e363a0c,4,3.831917
e36bb08,3,2.0920482
e36e85a,3,3.1249068
e379e7a,4,4.032426
e37ca46,5,4.0895834
e38f2ec,3,3.4354403
e3a9504,3,3.2652297
e3bcbd1,3,3.2578378
e3d327c,5,5.174672
e3d4dea,4,3.6536536
e3e1455,3,3.138108
e3f513b,3,2.396094
e4020f0,2,1.4089228
e40991f,4,3.8629336
e40a58f,1,2.2410123
e40eaea,2,2.6433816
e426299,2,2.2393878
e430494,4,3.937788
e4373b5,2,2.0536466
e43f082,3,2.2188714
e4446a2,4,3.1388063
e44fdbd,2,1.9128141
e45d84b,2,1.4620034
e481600,3,3.2493403
e48707a,4,3.590689
e48896a,3,2.8976614
e48d00a,3,2.6567402
e498c83,3,2.857656
e4ab2f4,4,3.4677963
e4b7235,1,2.300806
e4df2a6,3,3.2414892
e4f2929,2,2.4195678
e50ee0f,4,4.0862694
e51434c,2,2.6420927
e51f18f,1,1.3448567
e532ebd,1,3.2715926
e54748b,2,2.6473017
e56adc7,4,4.077523
e58330e,2,1.2960012
e5865e9,5,4.025033
e58d29b,3,2.8830583
e59d33b,4,3.6194901
e5a2fc0,3,2.9406648
e5b6aff,2,3.0322936
e5c3b9b,2,2.785573
e5c6f04,2,2.03646
e5c857d,3,3.0248759
e5ec49d,3,2.7931013
e60eea4,2,1.8049071
e6149d1,2,1.5505004
e61d232,2,1.7962811
e61f2d3,3,3.2222545
e661b4b,2,2.9849539
e688d2f,2,1.3935311
e6a8dea,3,3.9583929
e6c6d0a,3,3.532949
e6ce72d,2,3.026987
e6cfc5d,2,1.7266679
e6d2d03,2,2.3242245
e6d3293,3,3.5182304
e6f0a4b,3,3.3572168
e701cf8,3,3.386691
e72a879,2,1.4945904
e7396f8,3,3.038475
e74222f,3,3.1145985
e7457b9,5,5.3866878
e74919c,4,3.0569367
e7606cc,3,2.5368109
e7716bf,2,2.6910782
e7900f2,2,2.1614733
e793127,4,4.0586452
e797523,2,2.0477471
e7a28b3,2,2.0442796
e7ae41e,3,3.47564
e7b77a5,2,3.1164725
e7bdd37,4,4.025338
e7e826b,4,3.7695727
e7ec99d,5,3.9203062
e81b491,2,2.1474028
e81f535,4,3.862718
e837edd,2,1.810528
e84514e,3,2.859031
e85205c,2,1.976291
e85f179,3,3.2159805
e880962,3,3.6088135
e883e8d,3,3.335462
e8919c1,4,4.0141335
e8976d7,1,1.4729598
e897b21,3,3.163549
e89c701,2,2.2392385
e8c970f,3,2.6588757
e8d8944,3,2.8093371
e8d9d6f,3,3.852201
e91124e,4,3.5314891
e941ff8,2,1.6207232
e957d67,4,3.6418846
e95a2a6,4,4.3694997
e96d264,2,2.5451078
e9701ba,5,4.124222
e98482d,4,3.5303395
e9a40fe,3,2.2895293
e9bdad6,3,3.949276
ea134d7,4,3.7800477
ea25116,2,2.224083
ea25d94,3,3.0301342
ea3f4cc,2,2.4292498
ea4f708,2,2.1393704
ea5dcff,2,3.0396717
ea860f6,3,3.231604
ea87989,3,3.9774802
ea8d794,3,2.874473
ea918ff,3,3.1795957
ea9f1f5,5,3.818937
eaa07cd,4,4.155309
eaa5794,3,3.0046296
eab9ae4,2,2.83034
eac6509,4,3.7888825
eadfbe2,3,3.533439
eaf009e,4,3.9586182
eafb16c,4,3.5360632
eafd71b,1,2.7547085
eb0ff13,2,2.0985978
eb351dc,4,3.3663712
eb3d3d6,2,2.0209985
eb466f4,2,3.2261646
eb68c0c,3,2.9748256
eb71b85,3,3.1379485
eb73df2,3,4.2535405
eb75b33,4,4.076145
eb810c2,2,2.9936848
eb8206b,5,4.181553
eb8ed2d,3,3.9184299
eb8f967,1,1.7040133
eb9c14e,4,3.5798268
eba1dfa,3,2.2406187
ebb91e2,3,2.7568793
ebc4033,3,2.5133266
ebce1a1,3,3.6551068
ebd19e1,3,3.4364953
ebdc645,4,3.9777298
ebe4bd5,1,1.6202972
ebe5148,4,3.500605
ebf137e,2,1.7632052
ebf5671,4,3.6284335
ec0315b,4,3.695879
ec0bc1f,1,2.5980425
ec10c42,3,3.251703
ec4505d,2,3.0774293
ec67501,2,2.4010959
ec6c140,2,2.836587
ec8212f,3,2.7088351
ec84765,2,2.080017
ec8c280,2,2.0832586
ec9466b,3,2.4644504
ec982ea,4,3.8162892
eca2749,1,1.2190957
ecafa7f,2,3.023593
ecc8665,3,3.4289942
ecdf554,4,3.99637
ece34cd,3,3.009431
ece8404,3,3.7925406
ecedd1e,3,3.7084453
ecf6f9b,2,1.9695482
ecfadac,6,4.1799455
ed21cf1,3,3.4283872
ed22963,3,3.0838993
ed38d2a,3,3.3385816
ed3d24e,3,3.9158237
ed3db62,3,3.1713417
ed619fc,2,2.4025145
ed65a97,3,2.4355927
ed893b8,5,4.1955442
edaa3c7,5,4.102948
edb1502,3,4.568275
edb2ade,2,2.1456723
edbc542,3,3.7895975
ede9eca,3,3.7023501
ee04cf8,4,3.9446156
ee1b3c9,3,3.0506532
ee32183,3,3.3798034
ee48efd,3,2.5278463
ee5102a,2,1.9023445
ee591fd,3,3.3182108
ee9a7bb,2,1.9486678
ee9afef,2,2.4264522
eea7ec8,2,1.84478
eee008f,2,3.7316232
eef8c2c,4,3.8372467
eefbdf2,3,3.0948236
eefd389,3,2.1686015
ef1438f,1,2.6891046
ef20b17,2,2.7046895
ef27076,4,3.0510798
ef34e97,4,3.9947143
ef43d23,3,2.9944293
ef4858f,2,2.1544652
ef4fa08,3,2.897624
ef6569d,2,2.1392713
ef679e3,3,3.878785
ef7a3b2,3,3.2012064
ef810b2,2,1.4260106
ef93daa,3,3.8142939
ef95422,1,1.7599795
efd13e6,4,3.6532454
efd6465,2,2.3604147
efda079,4,3.711664
efe2f52,5,4.3986344
effed23,2,1.927876
f0004f5,3,2.886444
f006607,3,2.121519
f02843e,5,4.0492644
f0324dd,3,2.9176807
f03ad07,3,3.9651015
f056e69,4,3.968071
f064912,4,2.9026184
f071635,5,4.1608725
f075e71,2,1.440687
f0803b8,5,4.120363
f08ef16,2,2.5620217
f08f42b,4,3.9826384
f0a11d5,3,2.9591513
f0b3065,4,3.7801342
f0cb8d2,2,1.2994365
f0cf383,2,1.8870714
f0eb9be,3,2.7360625
f0f3cba,4,4.080139
f10e463,1,1.1579111
f113b16,3,2.211382
f13930a,3,3.4910736
f14d681,3,3.7168002
f151226,3,3.8608832
f16643f,4,3.9272583
f16c799,2,3.3349128
f1723b6,4,3.7963355
f17fb05,2,2.0927184
f1835d0,4,3.6978557
f1885bc,2,1.9844811
f191d20,2,1.6374366
f1a09da,3,2.3008804
f1a54d4,3,2.6938448
f1cb989,3,2.0380607
f1e743a,3,2.9396586
f1ea474,2,1.6898541
f1f6379,1,1.463134
f1fa23d,1,2.4028387
f203f9e,1,1.3615392
f206358,3,3.2437677
f21d872,3,2.8392444
f22d50a,2,2.6760948
f260d4e,6,4.418426
f269b92,4,3.912303
f26a6a5,3,3.103658
f26bf7b,2,2.3465068
f26c2c5,4,3.7463152
f273998,3,2.6824398
f28233c,3,3.0060554
f2835ca,2,2.0167246
f28d102,3,2.89987
f29b47b,3,2.3427353
f29d052,3,3.5970085
f2a732f,5,4.91292
f2b1720,4,3.7215025
f2b2280,1,1.6868459
f2b690b,4,3.955649
f2ba5e3,1,1.2734356
f2c95f1,2,2.6840067
f2d525a,2,1.4943454
f2e3cfb,3,3.9352236
f2f350b,3,3.4067483
f2faede,3,3.2733178
f30ae24,4,3.2773244
f312c21,2,1.921155
f31bae5,3,3.0213258
f3291c6,2,1.7301297
f357d17,2,2.0327477
f36f542,3,2.6089518
f373fee,1,1.7404108
f386e73,3,2.6408339
f391354,2,1.1746641
f39431c,4,3.3654552
f3d0beb,4,4.1330414
f3d1bdb,3,2.3544283
f3d9d49,3,3.4057677
f3e53e1,1,1.2739861
f3ef9dd,2,1.8363444
f412fcf,2,2.9847178
f417b6e,4,3.9297833
f41e6d1,2,2.0604014
f454eaa,4,3.3266566
f457fec,3,2.8546054
f471d19,2,2.17424
f48e2a1,3,3.0729954
f49f29e,4,3.8703413
f4b3647,4,3.1420717
f4b4d72,3,3.9223905
f4c0e9a,4,3.9175413
f4c1321,2,1.7062871
f4c2c4c,3,2.9298067
f4c4b8d,3,1.9008392
f4c6509,5,4.155967
f4ca3ba,4,3.9724944
f4d0ca7,4,3.701498
f4dce53,3,2.9710913
f4e590e,2,2.276608
f4f2f12,3,2.1318638
f50070d,4,3.600461
f5050a5,3,2.6337328
f50c103,4,3.8428583
f50c46d,3,3.5444005
f518c1a,3,3.1638997
f51ba66,2,3.859731
f520f61,2,1.8412704
f524cf4,2,3.6359527
f546cf5,3,2.624943
f54a011,2,2.374361
f559aba,4,4.287835
f5875b9,2,2.260489
f593565,2,2.0787644
f59c21c,1,1.1868054
f5ba92e,4,4.0327206
f5c3dd8,2,1.8262112
f5e49e4,6,4.472157
f5f56fb,4,3.8512526
f5f7161,1,1.1747198
f61050c,2,2.6944613
f6173a5,2,3.1322222
f61869e,5,3.9510605
f61db0d,3,2.9413326
f61f4dc,3,3.3705542
f6299c6,4,4.108696
f63046e,3,3.3918633
f64a78b,2,2.7086687
f655616,3,2.4323924
f65f855,3,2.8194015
f690002,3,3.9789307
f694e28,3,2.628569
f69ae83,3,3.2812152
f6a5e07,3,3.5693536
f6aceb4,4,4.1158624
f6b60ee,2,1.8544811
f6ccd35,2,2.445219
f6ccff9,6,4.3844376
f6e0319,1,2.5241609
f6e43bc,3,2.284138
f72239d,6,4.844779
f7414ec,3,4.3629103
f743847,2,2.0434127
f75538f,3,3.825095
f765c8c,4,3.1952477
f7860d2,3,2.7044938
f787aa6,3,2.7029037
f7c3307,3,2.677341
f7c3837,4,3.0482316
f7c3c56,3,2.561975
f7c4b33,4,3.755416
f7ca7e4,3,2.45401
f7d2207,5,4.201719
f7d8f77,3,3.3747537
f7dc522,3,3.2406445
f7dd4d8,5,4.115056
f7de906,5,4.5956726
f808998,3,3.1935868
f810a4f,2,3.8832326
f816fe9,3,3.1320808
f824156,4,3.8468437
f83a610,4,3.5607452
f843f05,2,1.743815
f850485,3,3.5321627
f86059d,1,1.3263592
f8615f8,3,3.2313855
f87ab51,4,3.6888049
f897850,2,3.9052289
f89ba28,3,2.9678717
f89c26e,2,2.1162167
f8a150c,4,3.4990456
f8b885d,3,3.3045251
f8cc34f,3,3.2004828
f8cf83c,3,3.5817878
f8d6719,4,3.6664913
f8db3e1,3,2.8183322
f8f4fe9,3,3.5854068
f8fe1ca,3,2.900642
f92007e,4,3.7516942
f95accb,4,3.8390465
f95baca,3,3.5375125
f973c05,3,2.4846888
f9989ca,3,3.0662885
f99ebf4,3,2.8124352
f9d9962,4,3.8141122
fa00450,2,1.5552468
fa115a1,2,1.8324423
fa1b185,3,2.9248028
fa29121,3,2.1335168
fa57cde,3,2.4201937
fa5bdee,3,3.0288553
fa6f449,3,2.9896183
faa610e,4,4.0160637
faa9fe2,3,3.4569566
fabb833,4,3.899031
facc03a,2,2.2396774
fad3429,5,5.0017843
fae3236,1,1.1259348
faf55f3,3,2.526731
faf644c,3,3.200881
fb114d1,3,3.1045082
fb3a214,3,2.9920723
fb40cba,2,1.5113875
fb4c732,3,3.0432901
fb53a4e,3,3.0558028
fb77243,1,1.4174284
fb794cf,3,3.2388103
fb7e5d8,2,3.0403113
fb87fe6,4,3.566032
fb89c7e,3,3.1259234
fb8de51,4,3.9688313
fb97d68,5,4.98038
fb9a39b,1,1.3732339
fba4121,2,2.596538
fbb4c9d,4,3.8378663
fbb93e4,2,3.0334964
fbd60ab,5,4.9446354
fbde6e5,5,4.0701747
fbee000,2,2.0341568
fc040f4,2,1.2760828
fc156e4,2,3.0450437
fc17862,4,3.9755373
fc1fe3c,3,3.8333886
fc2b46e,5,4.0385656
fc2dcf5,2,2.666019
fc3927a,3,2.8924332
fc3d67e,3,2.4422832
fc433b2,4,3.8988822
fc5bc76,2,2.3973007
fc7710f,3,3.3653514
fcab2b2,4,3.7916574
fcac377,3,2.1362286
fcb138b,3,3.624975
fcc8652,2,2.3068852
fcddb16,4,3.941447
fce105d,4,3.9738996
fce1e83,4,3.6196852
fceec9d,2,2.0934505
fd00c18,3,1.9209869
fd45453,4,4.0051947
fd851aa,3,2.9631677
fda2857,2,2.2378526
fde3769,4,3.2198963
fdeac71,4,3.8381748
fe094f8,5,4.1421723
fe0aea3,1,1.0458422
fe1279d,3,1.3831904
fe153f2,3,3.7113495
fe25490,4,3.3342352
fe2d3c8,4,4.7912564
fe55509,4,3.854333
fe6b86c,2,2.7321866
fe6ef52,4,1.4220737
fe7b204,4,3.232259
fe8214b,2,1.968317
feb26c7,4,3.4302316
feb63da,1,2.277918
fed2229,2,2.0626643
fed7163,5,4.603387
fedc245,2,3.1353612
feddb53,2,2.4056597
fee0693,2,2.0006247
fee4774,3,3.573694
fee79ef,2,2.1986065
fefbda2,3,2.9593816
ff08981,3,3.6670866
ff108ca,3,2.0089262
ff69c4a,3,3.883238
ff7020a,3,3.888383
ff88e0d,4,3.7916737
ff8f5bb,3,2.9271538
ff91759,4,3.8420763
ff982af,2,2.4469168
ff9bb09,3,3.2793775
ffa77dc,3,2.9438772
ffb4baa,1,1.0981709
ffb732c,3,2.7906916
ffc11a8,3,3.3732183
ffc9095,3,2.9916701
ffcb264,2,2.4720116
ffd378d,2,1.8704675
ffddf1f,4,3.963057
fff016d,2,2.2471378
